Charles Yang,68689,68689@nopoly.sg,SHL,1.92,Blk. 145 Woodlands St. #09-96
Steven Obama,62787,62787@nopoly.sg,STA,2.32,Blk. 739 Woodlands Rd. #14-42
Valentine Iskandar,66874,66874@nopoly.sg,SEG,2.25,Blk. 661 Admiralty St. #01-50
George Smith,63176,63176@nopoly.sg,SOH,3.09,Blk. 241 Admiralty Ave. #11-47
Theodore Carpenter,66194,66194@nopoly.sg,SOH,1.75,Blk. 805 Admiralty Ave. #01-14
Roy Zulkarnaen,63941,63941@nopoly.sg,SIT,1.07,Blk. 905 Admiralty Ave. #09-39
Bob Taylor,66219,66219@nopoly.sg,STA,3.30,Blk. 280 Marsiling St. #08-64
Zul Rios,67328,67328@nopoly.sg,STA,3.83,Blk. 533 Sembawang Ave. #05-93
Madison Lin,69069,69069@nopoly.sg,SOH,1.41,Blk. 350 Sembawang Ave. #07-16
Derek Yang,64452,64452@nopoly.sg,STA,3.11,Blk. 620 Admiralty St. #06-39
Ike Jones,65556,65556@nopoly.sg,SEG,2.86,Blk. 387 Admiralty Rd. #12-69
Evi Zulkarnaen,68520,68520@nopoly.sg,SEG,2.15,Blk. 696 Admiralty St. #06-77
Jonah John,63211,63211@nopoly.sg,STA,1.38,Blk. 157 Yishun St. #08-28
Stephen Iskandar,69559,69559@nopoly.sg,SHL,1.86,Blk. 189 Marsiling St. #07-86
Bob Lam,65621,65621@nopoly.sg,STA,1.18,Blk. 476 Yishun Rd. #14-95
Mary Lin,64808,64808@nopoly.sg,SIT,2.99,Blk. 554 Admiralty St. #06-55
Hannah Obama,68977,68977@nopoly.sg,SIT,1.45,Blk. 280 Sembawang Rd. #14-37
Otis Taylor,67544,67544@nopoly.sg,SIT,3.33,Blk. 121 Sembawang St. #02-62
John Lin,67017,67017@nopoly.sg,SIT,1.08,Blk. 481 Sembawang Rd. #06-45
Evi Iskandar,64168,64168@nopoly.sg,STA,1.15,Blk. 486 Woodlands Rd. #03-42
Stephen Yang,61363,61363@nopoly.sg,SIT,3.62,Blk. 597 Admiralty Ave. #09-40
Ray Suleiman,64448,64448@nopoly.sg,SOH,2.84,Blk. 702 Sembawang Ave. #11-61
Paul Lam,68426,68426@nopoly.sg,SHL,1.14,Blk. 832 Woodlands Rd. #05-10
Jacob Rios,63193,63193@nopoly.sg,SIT,2.31,Blk. 717 Marsiling St. #07-50
Taufiq Iskandar,65056,65056@nopoly.sg,SEG,1.77,Blk. 621 Admiralty St. #08-78
Theodore John,66918,66918@nopoly.sg,SOH,1.25,Blk. 379 Sembawang Rd. #15-80
Stephen Miller,66180,66180@nopoly.sg,STA,2.47,Blk. 238 Woodlands Rd. #16-25
Peter Carpenter,67011,67011@nopoly.sg,SIT,1.10,Blk. 774 Sembawang Ave. #14-39
Valentine Obama,65868,65868@nopoly.sg,SEG,2.14,Blk. 780 Marsiling Rd. #06-82
Paul Zulkarnaen,62648,62648@nopoly.sg,SOH,1.63,Blk. 852 Sembawang Rd. #08-24
Trent Lim,66956,66956@nopoly.sg,SIT,1.57,Blk. 998 Marsiling St. #09-37
Ivy Perez,63037,63037@nopoly.sg,STA,2.78,Blk. 511 Admiralty Ave. #03-70
Ike Jones,64171,64171@nopoly.sg,SEG,1.65,Blk. 564 Sembawang Rd. #13-79
Otis Iskandar,69293,69293@nopoly.sg,SHL,1.80,Blk. 474 Sembawang Rd. #01-45
Bob Jones,63542,63542@nopoly.sg,SOH,3.36,Blk. 438 Sembawang Ave. #04-21
Trent Lam,65109,65109@nopoly.sg,SEG,3.13,Blk. 559 Woodlands Rd. #15-26
Bob Lam,66214,66214@nopoly.sg,SIT,2.46,Blk. 702 Admiralty St. #11-13
Trent Tan,67098,67098@nopoly.sg,SIT,1.32,Blk. 755 Admiralty Ave. #03-98
Helen Abdul,64626,64626@nopoly.sg,SOH,1.86,Blk. 316 Admiralty Rd. #15-52
Louis Perez,65790,65790@nopoly.sg,SIT,1.68,Blk. 440 Woodlands Ave. #02-28
Salim Gonzales,67967,67967@nopoly.sg,SHL,1.69,Blk. 897 Yishun Ave. #10-15
Madison Yang,64104,64104@nopoly.sg,SHL,2.52,Blk. 483 Marsiling Rd. #12-60
Jacob Obama,65506,65506@nopoly.sg,SHL,1.07,Blk. 633 Admiralty Ave. #01-63
Otis Taylor,67432,67432@nopoly.sg,SEG,1.62,Blk. 650 Yishun Ave. #12-24
Otis Gonzales,62115,62115@nopoly.sg,SOH,3.87,Blk. 122 Yishun Ave. #07-71
George Neo,68340,68340@nopoly.sg,STA,1.71,Blk. 731 Marsiling St. #15-99
Steven May,66794,66794@nopoly.sg,SIT,1.17,Blk. 910 Woodlands Rd. #16-38
Valentino Abdul,67090,67090@nopoly.sg,SEG,2.02,Blk. 229 Yishun Ave. #12-89
Ivy Iskandar,68713,68713@nopoly.sg,SEG,2.72,Blk. 868 Yishun St. #16-79
Jonah Miller,64699,64699@nopoly.sg,SIT,3.42,Blk. 505 Woodlands Ave. #06-81
Quentin Akbar,68862,68862@nopoly.sg,SOH,1.79,Blk. 996 Woodlands Ave. #08-26
Louis Smith,65455,65455@nopoly.sg,SIT,2.45,Blk. 354 Marsiling Ave. #16-50
Madison Lin,61970,61970@nopoly.sg,SOH,3.09,Blk. 570 Sembawang Ave. #01-11
Greg Taylor,62663,62663@nopoly.sg,SOH,3.26,Blk. 525 Admiralty St. #07-33
Bob Suleiman,66754,66754@nopoly.sg,STA,2.67,Blk. 614 Marsiling Ave. #02-96
Bob Miller,63222,63222@nopoly.sg,SHL,2.53,Blk. 635 Admiralty Ave. #09-69
Quentin Yang,63142,63142@nopoly.sg,SEG,3.26,Blk. 171 Yishun Rd. #07-79
Derek Perez,68201,68201@nopoly.sg,SOH,1.47,Blk. 258 Marsiling St. #09-95
Stephen Tay,66399,66399@nopoly.sg,SOH,2.79,Blk. 349 Marsiling Ave. #01-85
Stephen Smith,66262,66262@nopoly.sg,SIT,2.12,Blk. 437 Woodlands St. #07-19
Madison Neo,65186,65186@nopoly.sg,STA,1.85,Blk. 675 Woodlands Ave. #12-19
Jacob Abdul,65556,65556@nopoly.sg,SHL,2.28,Blk. 897 Marsiling Ave. #05-58
Paul Abdul,69428,69428@nopoly.sg,SHL,2.88,Blk. 402 Marsiling Ave. #10-23
Ivy Perez,62101,62101@nopoly.sg,SOH,3.45,Blk. 353 Admiralty Ave. #09-15
Salim Perez,67604,67604@nopoly.sg,SHL,3.77,Blk. 625 Sembawang Rd. #15-67
Derek Neo,62403,62403@nopoly.sg,STA,1.71,Blk. 227 Yishun St. #15-78
Mary Suleiman,65930,65930@nopoly.sg,SOH,2.32,Blk. 333 Marsiling St. #09-93
Ronald Lin,63518,63518@nopoly.sg,STA,1.98,Blk. 683 Woodlands Rd. #06-62
Theodore Rios,64715,64715@nopoly.sg,SEG,3.29,Blk. 616 Woodlands St. #14-71
Otis Neo,63997,63997@nopoly.sg,SEG,3.05,Blk. 371 Woodlands St. #14-28
Roy Neo,69588,69588@nopoly.sg,SOH,2.27,Blk. 659 Yishun Rd. #15-90
Ray Lam,69423,69423@nopoly.sg,SOH,2.39,Blk. 324 Admiralty St. #10-14
Zul Gonzales,67526,67526@nopoly.sg,SOH,1.63,Blk. 522 Sembawang St. #13-11
Bob Tay,68345,68345@nopoly.sg,SIT,2.60,Blk. 732 Marsiling Ave. #01-93
Valentine Lim,69676,69676@nopoly.sg,STA,2.06,Blk. 548 Admiralty Rd. #15-50
Hannah Rios,64748,64748@nopoly.sg,STA,1.08,Blk. 356 Yishun Rd. #16-69
Stephen Perez,63751,63751@nopoly.sg,SIT,2.56,Blk. 804 Yishun Rd. #05-77
Derek Lam,63028,63028@nopoly.sg,SOH,3.05,Blk. 946 Marsiling Rd. #10-18
Valentino Taylor,64400,64400@nopoly.sg,STA,1.95,Blk. 188 Admiralty Rd. #02-87
Jonah John,61394,61394@nopoly.sg,SIT,3.17,Blk. 221 Admiralty St. #16-47
Louis Obama,67190,67190@nopoly.sg,SHL,1.35,Blk. 610 Admiralty Rd. #05-12
Robert Suleiman,67676,67676@nopoly.sg,SOH,1.66,Blk. 536 Woodlands St. #14-80
Valentino Lin,62258,62258@nopoly.sg,SOH,1.04,Blk. 182 Marsiling Rd. #07-28
Charles Jones,65699,65699@nopoly.sg,SHL,1.29,Blk. 844 Admiralty St. #10-68
William Obama,62225,62225@nopoly.sg,SIT,3.33,Blk. 332 Sembawang Rd. #04-31
Ronald Obama,67213,67213@nopoly.sg,SIT,2.99,Blk. 743 Marsiling Ave. #15-96
Stephen Akbar,64160,64160@nopoly.sg,STA,3.16,Blk. 449 Marsiling Rd. #06-72
Paul Lam,66126,66126@nopoly.sg,STA,1.95,Blk. 337 Sembawang Rd. #05-95
Steven Smith,64139,64139@nopoly.sg,STA,3.67,Blk. 175 Woodlands Rd. #02-78
Steven Obama,68534,68534@nopoly.sg,SIT,3.84,Blk. 288 Yishun St. #15-68
Nathan Tay,64540,64540@nopoly.sg,SEG,1.10,Blk. 344 Woodlands Ave. #01-70
Trent Smith,64497,64497@nopoly.sg,SHL,3.61,Blk. 355 Yishun St. #01-44
Quentin Miller,66920,66920@nopoly.sg,SIT,1.27,Blk. 489 Yishun St. #16-88
John Zulkarnaen,65819,65819@nopoly.sg,SEG,3.44,Blk. 103 Woodlands Ave. #14-20
Nathan Neo,61279,61279@nopoly.sg,STA,3.32,Blk. 375 Woodlands Ave. #05-84
Greg Lin,63510,63510@nopoly.sg,SHL,1.97,Blk. 389 Woodlands Rd. #15-75
Helen Lam,69339,69339@nopoly.sg,SIT,1.01,Blk. 250 Sembawang St. #15-40
Salim Lin,65990,65990@nopoly.sg,SHL,1.95,Blk. 526 Woodlands Rd. #02-54
Paul Neo,69558,69558@nopoly.sg,STA,1.46,Blk. 284 Marsiling Rd. #13-30
Mary Miller,61279,61279@nopoly.sg,SEG,3.64,Blk. 383 Marsiling Ave. #16-65
Robert Lim,68050,68050@nopoly.sg,SIT,1.00,Blk. 220 Admiralty St. #10-39
Theodore Akbar,66197,66197@nopoly.sg,SOH,1.10,Blk. 341 Woodlands St. #06-29
Robert Lim,67010,67010@nopoly.sg,SHL,2.19,Blk. 494 Admiralty Rd. #03-78
Valentino Gonzales,65995,65995@nopoly.sg,SHL,3.29,Blk. 100 Woodlands Ave. #14-39
Robert Perez,62886,62886@nopoly.sg,SOH,2.98,Blk. 703 Marsiling St. #03-40
Peter Jones,66879,66879@nopoly.sg,SIT,3.23,Blk. 224 Yishun St. #05-60
Peter Taylor,63556,63556@nopoly.sg,SIT,1.29,Blk. 445 Yishun Ave. #05-21
Stephen Jones,62574,62574@nopoly.sg,SIT,1.15,Blk. 411 Sembawang St. #16-79
Paul Miller,68409,68409@nopoly.sg,SOH,3.47,Blk. 650 Woodlands St. #04-39
Stephen Miller,62812,62812@nopoly.sg,SIT,3.84,Blk. 845 Woodlands St. #16-83
Valentine Lim,68828,68828@nopoly.sg,SIT,2.17,Blk. 814 Sembawang St. #13-79
Helen Tay,64771,64771@nopoly.sg,SHL,2.76,Blk. 313 Marsiling Rd. #11-16
Otis Zulkarnaen,62221,62221@nopoly.sg,SEG,2.98,Blk. 774 Sembawang Ave. #12-63
Zul Abdul,69885,69885@nopoly.sg,STA,2.52,Blk. 288 Marsiling St. #15-80
Greg Iskandar,65219,65219@nopoly.sg,SHL,1.96,Blk. 689 Sembawang Rd. #16-83
Jonah Yang,67061,67061@nopoly.sg,SEG,2.91,Blk. 352 Yishun Ave. #06-57
Derek Yang,69370,69370@nopoly.sg,SEG,3.42,Blk. 124 Marsiling Ave. #04-13
Louis Smith,64061,64061@nopoly.sg,SOH,2.64,Blk. 571 Sembawang Ave. #12-28
Ronald Neo,68636,68636@nopoly.sg,SHL,1.31,Blk. 333 Yishun Rd. #08-77
Peter Lam,65011,65011@nopoly.sg,STA,2.11,Blk. 457 Sembawang Rd. #04-84
Madison Tan,65693,65693@nopoly.sg,STA,1.31,Blk. 546 Woodlands Ave. #06-37
Louis Taylor,62586,62586@nopoly.sg,SEG,3.15,Blk. 741 Yishun Ave. #04-59
Salim Smith,62438,62438@nopoly.sg,SIT,1.90,Blk. 980 Yishun Ave. #02-45
Eva Jones,67918,67918@nopoly.sg,SIT,1.58,Blk. 581 Yishun Ave. #03-39
Jonah Miller,66366,66366@nopoly.sg,STA,1.13,Blk. 366 Sembawang Ave. #10-76
Evi Lam,66176,66176@nopoly.sg,SEG,3.67,Blk. 576 Yishun Rd. #08-40
Ike Abdul,65030,65030@nopoly.sg,SHL,1.99,Blk. 711 Yishun Ave. #07-30
Hannah Lim,66488,66488@nopoly.sg,STA,3.56,Blk. 988 Admiralty Ave. #05-11
William Gonzales,69060,69060@nopoly.sg,STA,3.75,Blk. 229 Admiralty Rd. #15-48
Valentino Suleiman,68621,68621@nopoly.sg,SHL,2.86,Blk. 397 Admiralty St. #04-85
Paul Zulkarnaen,64235,64235@nopoly.sg,SOH,3.65,Blk. 475 Admiralty Ave. #14-37
Mary Yang,63853,63853@nopoly.sg,SOH,1.91,Blk. 971 Admiralty St. #10-73
Bob Miller,63345,63345@nopoly.sg,SOH,2.54,Blk. 804 Marsiling Rd. #13-96
Stephen Lin,62586,62586@nopoly.sg,SHL,2.71,Blk. 929 Marsiling St. #02-83
John Abdul,61788,61788@nopoly.sg,STA,1.42,Blk. 437 Woodlands St. #02-83
Derek Neo,66162,66162@nopoly.sg,SHL,1.43,Blk. 880 Sembawang St. #10-48
Trent Perez,62615,62615@nopoly.sg,SOH,1.51,Blk. 457 Admiralty St. #03-81
Robert Miller,65854,65854@nopoly.sg,STA,3.99,Blk. 741 Woodlands St. #03-88
Theodore John,66161,66161@nopoly.sg,SEG,3.73,Blk. 751 Yishun Rd. #06-37
Charles Rios,65391,65391@nopoly.sg,SIT,2.00,Blk. 745 Sembawang St. #02-73
Madison Rios,65231,65231@nopoly.sg,SEG,1.02,Blk. 690 Yishun Rd. #05-49
Trent Lam,68311,68311@nopoly.sg,SHL,2.97,Blk. 727 Woodlands Rd. #16-13
Otis Obama,62804,62804@nopoly.sg,SIT,3.98,Blk. 153 Sembawang Ave. #07-41
Madison Neo,66746,66746@nopoly.sg,SHL,1.76,Blk. 204 Marsiling Ave. #06-18
Trent Abdul,63470,63470@nopoly.sg,SIT,1.99,Blk. 831 Woodlands Ave. #05-48
Peter Miller,64570,64570@nopoly.sg,SHL,3.39,Blk. 240 Admiralty Ave. #12-17
George Obama,64368,64368@nopoly.sg,SOH,3.76,Blk. 259 Sembawang Ave. #11-38
Taufiq Iskandar,64535,64535@nopoly.sg,SEG,3.43,Blk. 441 Admiralty Rd. #08-61
Fatimah May,65274,65274@nopoly.sg,SOH,1.08,Blk. 150 Sembawang Ave. #03-84
Stephen Perez,67491,67491@nopoly.sg,SIT,2.19,Blk. 683 Sembawang St. #10-45
Hannah May,67349,67349@nopoly.sg,STA,1.67,Blk. 570 Admiralty St. #15-70
Derek Obama,61429,61429@nopoly.sg,SIT,1.34,Blk. 905 Admiralty Rd. #13-31
Paul Carpenter,65741,65741@nopoly.sg,SEG,2.52,Blk. 654 Sembawang Rd. #07-17
Taufiq Abdul,64387,64387@nopoly.sg,SEG,2.37,Blk. 399 Woodlands St. #06-16
Ike May,67372,67372@nopoly.sg,SHL,2.68,Blk. 653 Admiralty Rd. #13-85
William Zulkarnaen,66774,66774@nopoly.sg,STA,1.45,Blk. 260 Woodlands Ave. #14-65
Anna Miller,65262,65262@nopoly.sg,SOH,2.52,Blk. 923 Woodlands Ave. #11-26
Theodore Suleiman,66679,66679@nopoly.sg,SHL,3.98,Blk. 205 Woodlands Ave. #11-18
Bob Jones,69916,69916@nopoly.sg,SOH,2.60,Blk. 166 Sembawang Ave. #06-41
Madison Suleiman,66585,66585@nopoly.sg,SHL,3.17,Blk. 205 Sembawang St. #02-82
Fatimah Lam,63287,63287@nopoly.sg,SIT,1.28,Blk. 721 Yishun St. #14-16
Greg Tay,68689,68689@nopoly.sg,SHL,2.06,Blk. 346 Woodlands Rd. #01-75
Eva Zulkarnaen,62220,62220@nopoly.sg,SIT,3.96,Blk. 112 Marsiling St. #15-24
Paul Iskandar,68181,68181@nopoly.sg,SIT,1.17,Blk. 153 Yishun Ave. #10-57
Charles Jones,65965,65965@nopoly.sg,SOH,1.42,Blk. 766 Marsiling St. #05-52
Greg Gonzales,63281,63281@nopoly.sg,SOH,1.72,Blk. 757 Sembawang St. #07-92
Paul Jones,67905,67905@nopoly.sg,STA,3.50,Blk. 435 Sembawang St. #07-72
John Abdul,67600,67600@nopoly.sg,SIT,2.02,Blk. 969 Marsiling Rd. #04-99
Anna Zulkarnaen,61567,61567@nopoly.sg,SOH,3.96,Blk. 399 Sembawang Rd. #09-24
Salim Akbar,62053,62053@nopoly.sg,SOH,1.20,Blk. 511 Admiralty St. #09-79
Ivy Carpenter,67465,67465@nopoly.sg,SOH,1.51,Blk. 458 Yishun St. #11-73
Roy Lim,66382,66382@nopoly.sg,SHL,3.81,Blk. 718 Marsiling St. #09-83
Valentine Lin,64246,64246@nopoly.sg,SHL,1.01,Blk. 898 Admiralty Rd. #01-19
Bob May,64181,64181@nopoly.sg,SOH,3.65,Blk. 732 Sembawang Rd. #05-46
Eva Iskandar,69077,69077@nopoly.sg,STA,3.64,Blk. 627 Woodlands St. #12-35
Ike Iskandar,65339,65339@nopoly.sg,SIT,2.00,Blk. 647 Sembawang Rd. #06-67
Anna Neo,65664,65664@nopoly.sg,SEG,3.53,Blk. 516 Admiralty St. #08-24
Robert Tan,65175,65175@nopoly.sg,STA,2.90,Blk. 956 Woodlands St. #14-85
Louis Abdul,68444,68444@nopoly.sg,SEG,1.59,Blk. 961 Yishun Rd. #11-93
Derek Suleiman,65581,65581@nopoly.sg,SHL,3.56,Blk. 690 Woodlands Rd. #04-19
Quentin Akbar,63823,63823@nopoly.sg,SHL,3.79,Blk. 504 Yishun St. #12-41
Helen Akbar,66168,66168@nopoly.sg,STA,3.11,Blk. 556 Woodlands Ave. #06-40
Valentine Lim,67111,67111@nopoly.sg,STA,3.89,Blk. 552 Yishun Rd. #01-39
Eva Tan,66619,66619@nopoly.sg,SEG,1.35,Blk. 980 Admiralty Ave. #14-22
William Lam,67695,67695@nopoly.sg,SIT,2.36,Blk. 676 Marsiling Rd. #08-92
Fatimah Smith,69930,69930@nopoly.sg,SEG,1.70,Blk. 153 Yishun Rd. #03-87
Mary Iskandar,63325,63325@nopoly.sg,SOH,3.31,Blk. 857 Marsiling Ave. #02-10
Peter Yang,63703,63703@nopoly.sg,SHL,3.18,Blk. 429 Marsiling St. #05-96
George Rios,61552,61552@nopoly.sg,STA,2.60,Blk. 683 Marsiling Rd. #09-82
Quentin Iskandar,66337,66337@nopoly.sg,SIT,2.20,Blk. 440 Woodlands St. #04-54
Roy Rios,63005,63005@nopoly.sg,SOH,2.25,Blk. 399 Yishun Ave. #16-20
Ray Rios,63319,63319@nopoly.sg,SEG,3.84,Blk. 330 Yishun St. #05-11
Ray Taylor,63662,63662@nopoly.sg,STA,2.19,Blk. 616 Admiralty Rd. #09-98
Roy Abdul,67367,67367@nopoly.sg,SIT,3.37,Blk. 377 Admiralty St. #01-58
Hannah Abdul,66077,66077@nopoly.sg,STA,3.25,Blk. 927 Woodlands Rd. #08-52
Otis Iskandar,65634,65634@nopoly.sg,STA,3.46,Blk. 667 Sembawang Ave. #04-50
George Zulkarnaen,69953,69953@nopoly.sg,SEG,1.19,Blk. 571 Marsiling St. #14-23
Otis Zulkarnaen,67461,67461@nopoly.sg,SEG,1.42,Blk. 511 Marsiling Ave. #03-17
Madison Gonzales,61317,61317@nopoly.sg,SHL,3.16,Blk. 156 Marsiling Rd. #12-51
Quentin Suleiman,62614,62614@nopoly.sg,SIT,3.79,Blk. 755 Yishun Ave. #07-89
Otis Suleiman,63396,63396@nopoly.sg,SOH,3.03,Blk. 569 Woodlands St. #16-65
Hannah Neo,62148,62148@nopoly.sg,SHL,1.08,Blk. 778 Admiralty Ave. #06-67
Otis Jones,68851,68851@nopoly.sg,SEG,3.12,Blk. 408 Marsiling St. #11-96
Greg Lim,62888,62888@nopoly.sg,STA,3.08,Blk. 456 Admiralty Rd. #15-60
Bob Zulkarnaen,62667,62667@nopoly.sg,SOH,3.07,Blk. 113 Woodlands Ave. #11-66
William Abdul,63493,63493@nopoly.sg,SEG,1.67,Blk. 781 Yishun Ave. #09-89
Charles John,64506,64506@nopoly.sg,STA,2.23,Blk. 633 Woodlands St. #02-59
Ivy Perez,64367,64367@nopoly.sg,SEG,1.92,Blk. 545 Yishun Rd. #14-69
Anna Abdul,67019,67019@nopoly.sg,STA,1.61,Blk. 266 Admiralty Ave. #11-80
Trent Taylor,63492,63492@nopoly.sg,SIT,3.94,Blk. 614 Marsiling St. #09-77
John Suleiman,65850,65850@nopoly.sg,SEG,1.70,Blk. 308 Sembawang Rd. #07-73
Nathan Taylor,62986,62986@nopoly.sg,SIT,1.05,Blk. 149 Sembawang St. #03-91
Salim Carpenter,68661,68661@nopoly.sg,SEG,1.21,Blk. 534 Marsiling St. #01-12
Ray Suleiman,63528,63528@nopoly.sg,SIT,3.90,Blk. 361 Woodlands Rd. #04-96
Quentin Iskandar,68514,68514@nopoly.sg,STA,2.38,Blk. 486 Sembawang St. #12-83
George Smith,62494,62494@nopoly.sg,STA,2.43,Blk. 414 Yishun St. #07-44
Helen Neo,68373,68373@nopoly.sg,SHL,1.80,Blk. 691 Sembawang Ave. #07-12
Evi Zulkarnaen,62462,62462@nopoly.sg,STA,2.54,Blk. 738 Admiralty Rd. #16-19
Greg Miller,61407,61407@nopoly.sg,SEG,3.97,Blk. 810 Yishun Ave. #09-43
Jonah Tan,67789,67789@nopoly.sg,SEG,2.27,Blk. 856 Marsiling Ave. #03-86
Taufiq Carpenter,61504,61504@nopoly.sg,SEG,1.10,Blk. 273 Marsiling Ave. #10-29
Eva Carpenter,64225,64225@nopoly.sg,STA,2.83,Blk. 435 Sembawang Rd. #03-40
Ronald Lin,64852,64852@nopoly.sg,SEG,1.39,Blk. 390 Woodlands Rd. #11-99
Charles Suleiman,61887,61887@nopoly.sg,SIT,3.57,Blk. 698 Sembawang Rd. #07-42
Ivy Smith,69320,69320@nopoly.sg,SOH,3.54,Blk. 859 Yishun St. #06-79
Theodore Miller,68961,68961@nopoly.sg,SIT,2.59,Blk. 478 Woodlands Rd. #06-88
Evi Obama,67398,67398@nopoly.sg,STA,3.26,Blk. 522 Marsiling Ave. #13-55
Peter Suleiman,61358,61358@nopoly.sg,SOH,2.36,Blk. 835 Woodlands Ave. #15-31
Salim Suleiman,67751,67751@nopoly.sg,SHL,1.43,Blk. 232 Sembawang St. #07-37
Helen Yang,69825,69825@nopoly.sg,SOH,3.84,Blk. 816 Sembawang Rd. #04-62
Salim Miller,67331,67331@nopoly.sg,SOH,2.22,Blk. 249 Yishun St. #02-43
George Zulkarnaen,68811,68811@nopoly.sg,SEG,3.53,Blk. 704 Woodlands St. #03-70
Quentin John,63247,63247@nopoly.sg,SHL,2.32,Blk. 362 Admiralty St. #12-57
Ike Obama,61341,61341@nopoly.sg,SHL,2.28,Blk. 181 Yishun Rd. #03-53
Peter May,66362,66362@nopoly.sg,SEG,2.62,Blk. 637 Woodlands Ave. #02-97
Evi Zulkarnaen,64461,64461@nopoly.sg,STA,1.29,Blk. 220 Yishun Rd. #02-58
Ray Taylor,67664,67664@nopoly.sg,SIT,2.36,Blk. 806 Woodlands St. #05-59
Roy Lam,68362,68362@nopoly.sg,STA,1.17,Blk. 220 Yishun St. #09-43
Charles Miller,63595,63595@nopoly.sg,SOH,3.91,Blk. 115 Yishun Ave. #12-93
Helen Gonzales,63353,63353@nopoly.sg,SEG,2.59,Blk. 900 Woodlands Rd. #15-14
Steven Iskandar,64106,64106@nopoly.sg,SEG,1.66,Blk. 362 Marsiling Rd. #12-90
Eva Suleiman,69467,69467@nopoly.sg,SIT,1.07,Blk. 490 Woodlands St. #05-85
Theodore Iskandar,68605,68605@nopoly.sg,SHL,2.44,Blk. 986 Yishun Ave. #09-29
Valentino Tan,62712,62712@nopoly.sg,SHL,1.28,Blk. 503 Sembawang Rd. #13-90
Paul Tan,67607,67607@nopoly.sg,SIT,2.70,Blk. 370 Marsiling Ave. #10-78
Steven Carpenter,62368,62368@nopoly.sg,SEG,3.07,Blk. 131 Marsiling Rd. #02-15
Paul Obama,66236,66236@nopoly.sg,STA,3.13,Blk. 406 Yishun St. #11-96
Ivy Gonzales,61801,61801@nopoly.sg,SHL,2.09,Blk. 871 Sembawang St. #09-26
Ronald John,65700,65700@nopoly.sg,SOH,1.44,Blk. 794 Admiralty Ave. #14-88
Steven Tay,65392,65392@nopoly.sg,SHL,2.07,Blk. 131 Sembawang Ave. #07-27
Helen Jones,64971,64971@nopoly.sg,SEG,3.52,Blk. 958 Yishun Rd. #08-50
Anna Perez,67845,67845@nopoly.sg,SOH,3.32,Blk. 759 Woodlands Ave. #07-95
Jonah Smith,69618,69618@nopoly.sg,SOH,1.23,Blk. 728 Yishun St. #04-73
Ray Gonzales,61996,61996@nopoly.sg,STA,2.48,Blk. 767 Yishun Rd. #15-24
Quentin Rios,65787,65787@nopoly.sg,STA,2.93,Blk. 963 Sembawang Ave. #13-52
Valentine Abdul,64839,64839@nopoly.sg,SOH,2.93,Blk. 719 Sembawang Ave. #08-66
Jacob Lin,65343,65343@nopoly.sg,STA,3.14,Blk. 445 Admiralty Rd. #02-33
William Rios,63588,63588@nopoly.sg,SEG,1.27,Blk. 757 Woodlands Rd. #13-45
Charles Neo,63713,63713@nopoly.sg,SIT,2.07,Blk. 278 Sembawang Rd. #07-52
Zul Smith,61561,61561@nopoly.sg,SEG,2.87,Blk. 139 Woodlands St. #08-95
Anna Yang,61703,61703@nopoly.sg,SIT,2.76,Blk. 250 Sembawang St. #12-72
Valentino Akbar,68510,68510@nopoly.sg,SOH,1.96,Blk. 471 Woodlands Rd. #01-86
Ike Tan,66562,66562@nopoly.sg,STA,2.07,Blk. 512 Woodlands St. #04-33
Robert Suleiman,62208,62208@nopoly.sg,SHL,2.87,Blk. 155 Admiralty St. #08-34
Robert Lin,62028,62028@nopoly.sg,STA,2.37,Blk. 974 Admiralty Rd. #03-22
William Yang,69064,69064@nopoly.sg,SOH,1.91,Blk. 734 Woodlands Ave. #10-43
Valentino Lim,62994,62994@nopoly.sg,SOH,3.35,Blk. 583 Yishun Ave. #11-49
Peter Obama,65894,65894@nopoly.sg,SOH,2.82,Blk. 929 Yishun Ave. #04-85
Steven Tay,65218,65218@nopoly.sg,STA,1.76,Blk. 157 Sembawang Rd. #14-21
Jonah John,66990,66990@nopoly.sg,SHL,3.49,Blk. 320 Woodlands Ave. #12-88
John Jones,68642,68642@nopoly.sg,STA,3.10,Blk. 283 Woodlands Ave. #10-77
Helen Abdul,61731,61731@nopoly.sg,SEG,3.23,Blk. 470 Woodlands Ave. #10-79
Ronald Abdul,64020,64020@nopoly.sg,STA,2.83,Blk. 295 Admiralty Ave. #05-65
Madison Miller,66370,66370@nopoly.sg,SOH,3.22,Blk. 967 Sembawang Ave. #02-69
Helen Iskandar,62915,62915@nopoly.sg,SHL,1.07,Blk. 484 Sembawang St. #01-60
Taufiq Jones,63255,63255@nopoly.sg,SEG,1.78,Blk. 274 Sembawang Rd. #09-93
Valentino Obama,63331,63331@nopoly.sg,SEG,2.58,Blk. 962 Sembawang Rd. #11-37
Eva Miller,66306,66306@nopoly.sg,SHL,2.59,Blk. 717 Yishun Rd. #09-35
Robert Suleiman,62427,62427@nopoly.sg,SHL,2.16,Blk. 659 Woodlands Rd. #05-64
Derek Yang,61990,61990@nopoly.sg,STA,3.97,Blk. 533 Admiralty Rd. #16-45
Helen Obama,68595,68595@nopoly.sg,SOH,2.94,Blk. 582 Yishun Ave. #02-81
Louis Lin,65611,65611@nopoly.sg,SEG,3.41,Blk. 219 Sembawang Ave. #14-92
Paul Suleiman,64435,64435@nopoly.sg,SEG,3.59,Blk. 256 Marsiling Rd. #16-61
Valentine Tay,66542,66542@nopoly.sg,SHL,1.49,Blk. 924 Sembawang Ave. #04-29
Robert Neo,66832,66832@nopoly.sg,STA,2.18,Blk. 171 Sembawang St. #06-57
Valentine Zulkarnaen,61333,61333@nopoly.sg,SIT,3.79,Blk. 891 Yishun Rd. #16-97
Eva Lam,67780,67780@nopoly.sg,STA,1.32,Blk. 797 Sembawang Rd. #15-57
Bob Jones,62715,62715@nopoly.sg,SIT,2.10,Blk. 869 Marsiling Rd. #05-93
Jonah Lam,68975,68975@nopoly.sg,STA,2.42,Blk. 142 Yishun Ave. #13-20
Jacob May,63920,63920@nopoly.sg,SIT,3.70,Blk. 545 Admiralty Ave. #03-78
Salim Neo,69238,69238@nopoly.sg,SHL,1.36,Blk. 273 Yishun Rd. #07-52
Bob Abdul,61704,61704@nopoly.sg,STA,3.65,Blk. 340 Admiralty Ave. #07-69
Paul Zulkarnaen,69318,69318@nopoly.sg,STA,3.56,Blk. 917 Admiralty Ave. #11-42
Zul Taylor,66539,66539@nopoly.sg,STA,3.10,Blk. 897 Woodlands Ave. #08-55
Steven Rios,63134,63134@nopoly.sg,SOH,2.11,Blk. 513 Admiralty St. #06-13
Hannah Akbar,66967,66967@nopoly.sg,SOH,1.29,Blk. 940 Marsiling Rd. #10-15
Ray Lin,68696,68696@nopoly.sg,SHL,3.04,Blk. 568 Sembawang Rd. #14-69
Helen Iskandar,66100,66100@nopoly.sg,STA,3.99,Blk. 569 Marsiling St. #12-72
Quentin Rios,61855,61855@nopoly.sg,SOH,3.14,Blk. 308 Marsiling Ave. #09-47
Hannah John,63896,63896@nopoly.sg,SEG,3.43,Blk. 664 Marsiling St. #16-23
Jonah Akbar,67776,67776@nopoly.sg,SOH,2.52,Blk. 948 Woodlands St. #11-13
Derek Suleiman,65930,65930@nopoly.sg,SHL,2.89,Blk. 639 Sembawang St. #11-17
Hannah Carpenter,63246,63246@nopoly.sg,SOH,1.88,Blk. 467 Woodlands Ave. #15-62
Jacob Zulkarnaen,61605,61605@nopoly.sg,STA,2.94,Blk. 676 Marsiling Rd. #07-23
Zul Neo,64367,64367@nopoly.sg,SIT,1.50,Blk. 479 Marsiling Rd. #08-99
Ivy Tan,68529,68529@nopoly.sg,STA,3.77,Blk. 125 Woodlands St. #15-87
Valentine Jones,62192,62192@nopoly.sg,SIT,3.87,Blk. 711 Yishun St. #05-26
Ronald Lam,65179,65179@nopoly.sg,SEG,2.53,Blk. 338 Admiralty Rd. #09-61
Madison Lin,61970,61970@nopoly.sg,SOH,2.65,Blk. 175 Woodlands St. #08-44
Quentin May,67376,67376@nopoly.sg,SEG,3.09,Blk. 191 Sembawang St. #01-76
Taufiq Neo,64505,64505@nopoly.sg,SHL,3.22,Blk. 658 Woodlands Rd. #15-43
Trent Iskandar,69744,69744@nopoly.sg,SIT,2.77,Blk. 456 Yishun St. #02-70
Salim Abdul,62959,62959@nopoly.sg,SEG,3.76,Blk. 679 Marsiling St. #07-85
Hannah Lim,62339,62339@nopoly.sg,SOH,2.83,Blk. 145 Marsiling Ave. #04-64
Evi Abdul,66633,66633@nopoly.sg,SIT,2.96,Blk. 270 Sembawang Ave. #13-93
Derek May,66295,66295@nopoly.sg,SHL,1.96,Blk. 238 Yishun Rd. #06-41
Paul Lim,63170,63170@nopoly.sg,SIT,2.69,Blk. 370 Marsiling Ave. #12-70
Steven Miller,61242,61242@nopoly.sg,SEG,3.19,Blk. 965 Marsiling Rd. #02-49
John Perez,62588,62588@nopoly.sg,STA,3.37,Blk. 263 Yishun Ave. #02-59
Valentine Smith,61671,61671@nopoly.sg,STA,1.77,Blk. 965 Marsiling Ave. #03-37
Helen Jones,65859,65859@nopoly.sg,STA,2.92,Blk. 795 Admiralty Ave. #15-72
Robert Smith,64785,64785@nopoly.sg,SHL,3.43,Blk. 259 Marsiling Ave. #09-54
Madison Miller,65957,65957@nopoly.sg,SHL,2.29,Blk. 363 Woodlands Rd. #08-14
Paul Abdul,65274,65274@nopoly.sg,SEG,3.66,Blk. 909 Sembawang Ave. #06-50
Jonah Gonzales,61338,61338@nopoly.sg,STA,1.42,Blk. 988 Yishun St. #09-57
Helen Perez,67173,67173@nopoly.sg,SOH,3.11,Blk. 125 Woodlands Rd. #10-72
Quentin Rios,62554,62554@nopoly.sg,STA,1.76,Blk. 438 Marsiling St. #04-31
George Obama,69464,69464@nopoly.sg,SIT,3.27,Blk. 396 Woodlands Rd. #02-19
Ike Abdul,69888,69888@nopoly.sg,SEG,3.88,Blk. 242 Admiralty Rd. #15-98
George Lam,68975,68975@nopoly.sg,SEG,3.16,Blk. 899 Marsiling St. #13-73
Paul Akbar,63249,63249@nopoly.sg,SHL,3.91,Blk. 511 Admiralty St. #01-67
Stephen Iskandar,61758,61758@nopoly.sg,SOH,3.22,Blk. 324 Yishun St. #14-88
Greg Gonzales,69550,69550@nopoly.sg,SOH,3.21,Blk. 960 Admiralty Rd. #11-37
Helen Iskandar,69426,69426@nopoly.sg,SIT,1.51,Blk. 114 Sembawang Rd. #07-48
Steven Suleiman,61270,61270@nopoly.sg,SEG,2.68,Blk. 787 Marsiling St. #08-85
Stephen Perez,61252,61252@nopoly.sg,SIT,3.30,Blk. 507 Yishun Ave. #04-74
Mary Tan,68500,68500@nopoly.sg,SEG,3.26,Blk. 549 Yishun Ave. #11-57
Nathan Taylor,67793,67793@nopoly.sg,SHL,1.96,Blk. 239 Yishun Rd. #06-43
Bob Smith,67912,67912@nopoly.sg,SOH,1.28,Blk. 314 Yishun Rd. #01-77
Madison Zulkarnaen,64771,64771@nopoly.sg,SOH,2.71,Blk. 700 Woodlands St. #13-88
Ronald Tan,67319,67319@nopoly.sg,SOH,2.06,Blk. 792 Marsiling Rd. #09-37
Hannah Zulkarnaen,61723,61723@nopoly.sg,SEG,3.74,Blk. 597 Marsiling St. #04-18
Zul Gonzales,69588,69588@nopoly.sg,SOH,1.35,Blk. 180 Admiralty Ave. #13-75
Mary Zulkarnaen,68635,68635@nopoly.sg,STA,2.36,Blk. 525 Sembawang St. #16-97
Hannah Tay,66954,66954@nopoly.sg,STA,1.33,Blk. 213 Sembawang Ave. #07-59
Mary Yang,63780,63780@nopoly.sg,SIT,3.62,Blk. 306 Marsiling Ave. #01-45
Hannah Tay,62443,62443@nopoly.sg,SEG,3.75,Blk. 145 Admiralty Rd. #15-27
Ray Abdul,65309,65309@nopoly.sg,SEG,3.14,Blk. 991 Marsiling Ave. #13-72
Mary Perez,69578,69578@nopoly.sg,STA,1.94,Blk. 788 Admiralty St. #04-74
Quentin Yang,67653,67653@nopoly.sg,SIT,2.73,Blk. 777 Admiralty St. #06-17
Evi Yang,67436,67436@nopoly.sg,SEG,2.01,Blk. 821 Woodlands Rd. #10-47
Trent Lam,69287,69287@nopoly.sg,STA,1.50,Blk. 215 Admiralty Rd. #01-13
Evi Obama,64919,64919@nopoly.sg,SEG,1.24,Blk. 465 Sembawang Ave. #07-99
Valentine Tay,69818,69818@nopoly.sg,SEG,2.82,Blk. 682 Yishun St. #16-33
Anna Akbar,68023,68023@nopoly.sg,SEG,3.98,Blk. 254 Yishun Ave. #09-67
Fatimah Gonzales,65232,65232@nopoly.sg,SHL,3.27,Blk. 829 Woodlands Ave. #05-46
Paul Neo,64522,64522@nopoly.sg,SOH,3.80,Blk. 534 Yishun Ave. #05-99
Ike Smith,66238,66238@nopoly.sg,SIT,2.74,Blk. 110 Yishun Ave. #06-40
Ivy Miller,69175,69175@nopoly.sg,STA,1.68,Blk. 158 Sembawang Rd. #10-80
Ray Perez,65014,65014@nopoly.sg,SEG,1.12,Blk. 816 Yishun St. #11-60
Otis John,69515,69515@nopoly.sg,STA,1.47,Blk. 162 Sembawang St. #04-80
Theodore Zulkarnaen,66838,66838@nopoly.sg,SEG,2.15,Blk. 251 Yishun Rd. #10-70
Hannah Suleiman,65638,65638@nopoly.sg,SEG,1.79,Blk. 918 Yishun Rd. #14-81
Zul Yang,63745,63745@nopoly.sg,SHL,3.68,Blk. 705 Admiralty Ave. #02-66
Ike Akbar,62040,62040@nopoly.sg,SHL,2.99,Blk. 774 Yishun St. #11-99
Nathan Miller,66234,66234@nopoly.sg,SOH,3.46,Blk. 939 Admiralty St. #13-21
Paul Smith,69750,69750@nopoly.sg,SIT,1.87,Blk. 781 Woodlands Ave. #16-12
Jacob Gonzales,64058,64058@nopoly.sg,STA,1.43,Blk. 312 Sembawang Rd. #11-71
Eva Gonzales,68898,68898@nopoly.sg,SHL,2.61,Blk. 582 Sembawang Rd. #07-57
Ray Miller,69663,69663@nopoly.sg,STA,1.12,Blk. 415 Admiralty Ave. #04-34
Peter Lin,68213,68213@nopoly.sg,STA,1.75,Blk. 876 Yishun Rd. #02-91
Salim May,63338,63338@nopoly.sg,SEG,3.41,Blk. 938 Sembawang Ave. #16-39
Jonah Carpenter,66775,66775@nopoly.sg,SEG,3.85,Blk. 302 Woodlands Rd. #02-56
Eva Neo,63799,63799@nopoly.sg,SOH,1.10,Blk. 248 Woodlands St. #01-27
Theodore Perez,69210,69210@nopoly.sg,SOH,3.68,Blk. 518 Marsiling Rd. #13-66
George Iskandar,62626,62626@nopoly.sg,STA,3.68,Blk. 346 Sembawang Rd. #07-87
Bob Jones,67919,67919@nopoly.sg,SHL,3.32,Blk. 886 Sembawang St. #04-64
Salim Zulkarnaen,63448,63448@nopoly.sg,SEG,3.05,Blk. 824 Sembawang St. #14-82
Bob Lam,69446,69446@nopoly.sg,SOH,1.98,Blk. 388 Woodlands St. #14-57
Ike Abdul,61669,61669@nopoly.sg,SEG,2.76,Blk. 988 Yishun Ave. #12-65
Steven May,64457,64457@nopoly.sg,SEG,3.40,Blk. 931 Marsiling Ave. #13-16
Greg Iskandar,63140,63140@nopoly.sg,SOH,1.42,Blk. 339 Marsiling Ave. #14-86
Eva Lim,65529,65529@nopoly.sg,SOH,3.15,Blk. 659 Sembawang Rd. #09-39
Evi Suleiman,65464,65464@nopoly.sg,SHL,1.78,Blk. 425 Sembawang Ave. #07-78
Ivy Lin,64208,64208@nopoly.sg,SIT,2.44,Blk. 664 Admiralty Rd. #01-40
Zul John,61472,61472@nopoly.sg,SEG,1.23,Blk. 997 Woodlands Rd. #13-45
Jonah Jones,63820,63820@nopoly.sg,SIT,3.21,Blk. 478 Sembawang Ave. #10-57
Greg Neo,65594,65594@nopoly.sg,SEG,2.51,Blk. 445 Yishun St. #15-93
Paul Obama,61409,61409@nopoly.sg,SHL,2.54,Blk. 968 Sembawang Rd. #08-81
Valentine Yang,68995,68995@nopoly.sg,SHL,2.04,Blk. 486 Sembawang Rd. #14-29
Stephen Yang,69450,69450@nopoly.sg,SEG,1.73,Blk. 199 Marsiling St. #06-49
Steven May,63750,63750@nopoly.sg,STA,3.67,Blk. 704 Marsiling Ave. #10-13
Trent Akbar,62588,62588@nopoly.sg,STA,3.13,Blk. 174 Yishun Ave. #16-42
Mary Miller,63004,63004@nopoly.sg,SHL,3.14,Blk. 979 Yishun Ave. #09-74
Valentine Lin,66231,66231@nopoly.sg,SIT,1.27,Blk. 986 Marsiling St. #11-35
Otis May,65288,65288@nopoly.sg,SIT,1.02,Blk. 263 Admiralty Ave. #12-96
Nathan John,62855,62855@nopoly.sg,SIT,3.18,Blk. 131 Admiralty St. #13-16
Steven Jones,64640,64640@nopoly.sg,SEG,1.28,Blk. 314 Woodlands Rd. #09-65
Zul Abdul,66311,66311@nopoly.sg,SHL,3.48,Blk. 987 Sembawang Rd. #06-35
Ronald John,65306,65306@nopoly.sg,SEG,1.82,Blk. 249 Woodlands Ave. #07-41
Jonah John,66831,66831@nopoly.sg,SIT,1.68,Blk. 757 Woodlands Ave. #06-49
Derek Neo,66619,66619@nopoly.sg,SIT,3.51,Blk. 564 Admiralty Rd. #15-96
Fatimah Abdul,63661,63661@nopoly.sg,SIT,3.29,Blk. 103 Sembawang Rd. #06-55
Hannah Yang,62050,62050@nopoly.sg,SIT,2.90,Blk. 174 Sembawang Rd. #01-59
Stephen Akbar,67354,67354@nopoly.sg,STA,1.80,Blk. 808 Yishun Rd. #07-88
Anna May,64739,64739@nopoly.sg,SIT,2.27,Blk. 999 Sembawang St. #09-31
Quentin Carpenter,69904,69904@nopoly.sg,SHL,2.89,Blk. 493 Marsiling St. #02-37
Ray Perez,66167,66167@nopoly.sg,SEG,3.53,Blk. 291 Admiralty Ave. #06-47
Eva Obama,69877,69877@nopoly.sg,SHL,1.38,Blk. 883 Admiralty St. #04-71
John Tan,61753,61753@nopoly.sg,SHL,2.76,Blk. 752 Admiralty Rd. #01-74
Otis Miller,65120,65120@nopoly.sg,SOH,2.39,Blk. 235 Marsiling Rd. #16-45
Ronald Lam,67904,67904@nopoly.sg,SIT,1.64,Blk. 174 Yishun St. #09-56
Taufiq Lam,67868,67868@nopoly.sg,SOH,3.66,Blk. 796 Woodlands Ave. #01-92
Ivy Perez,67214,67214@nopoly.sg,SHL,1.64,Blk. 691 Yishun Rd. #04-92
Ronald Zulkarnaen,65785,65785@nopoly.sg,SOH,2.66,Blk. 683 Marsiling Ave. #08-57
Evi Lam,62397,62397@nopoly.sg,SIT,1.78,Blk. 790 Yishun Ave. #03-76
Ike Rios,67390,67390@nopoly.sg,STA,2.82,Blk. 537 Admiralty St. #10-43
Nathan John,69186,69186@nopoly.sg,STA,1.51,Blk. 502 Yishun Ave. #11-79
Stephen Lim,62923,62923@nopoly.sg,SOH,2.35,Blk. 359 Marsiling Ave. #04-10
Otis Abdul,65450,65450@nopoly.sg,SOH,2.48,Blk. 893 Sembawang Ave. #03-34
Robert Lam,68977,68977@nopoly.sg,STA,3.33,Blk. 409 Admiralty Ave. #12-11
Helen Lim,68182,68182@nopoly.sg,STA,2.45,Blk. 516 Sembawang Rd. #10-57
Salim Perez,64686,64686@nopoly.sg,SHL,3.80,Blk. 294 Marsiling Ave. #14-95
Jonah Rios,62025,62025@nopoly.sg,SIT,1.52,Blk. 798 Admiralty St. #10-60
Otis Iskandar,69289,69289@nopoly.sg,SHL,1.86,Blk. 920 Admiralty Ave. #04-59
Steven Smith,62848,62848@nopoly.sg,SHL,2.48,Blk. 905 Yishun St. #14-93
Valentino Akbar,69984,69984@nopoly.sg,STA,1.24,Blk. 730 Sembawang St. #08-16
John Miller,66413,66413@nopoly.sg,SOH,1.76,Blk. 729 Admiralty Rd. #15-86
Louis Tay,62009,62009@nopoly.sg,STA,3.48,Blk. 468 Yishun Rd. #11-30
Otis John,68049,68049@nopoly.sg,SHL,1.00,Blk. 683 Woodlands Ave. #07-71
Nathan Neo,67626,67626@nopoly.sg,SHL,2.00,Blk. 495 Sembawang Rd. #07-29
George Miller,61418,61418@nopoly.sg,SEG,2.59,Blk. 589 Sembawang Ave. #04-65
Ivy Taylor,63256,63256@nopoly.sg,SEG,3.26,Blk. 555 Sembawang St. #16-20
Mary Carpenter,68279,68279@nopoly.sg,SHL,3.02,Blk. 818 Marsiling St. #05-94
William Tan,67583,67583@nopoly.sg,SOH,2.11,Blk. 359 Marsiling St. #05-69
Evi Taylor,69059,69059@nopoly.sg,SIT,3.98,Blk. 393 Admiralty St. #06-48
John Yang,63917,63917@nopoly.sg,SOH,2.10,Blk. 641 Admiralty Rd. #09-23
Peter Rios,66039,66039@nopoly.sg,SEG,1.49,Blk. 389 Admiralty Rd. #08-43
Eva Tay,62916,62916@nopoly.sg,SHL,3.85,Blk. 762 Marsiling St. #04-53
Anna Lam,63083,63083@nopoly.sg,SEG,3.43,Blk. 317 Sembawang Ave. #09-66
Taufiq Yang,61388,61388@nopoly.sg,SIT,2.50,Blk. 632 Yishun Rd. #12-25
Bob Tan,65105,65105@nopoly.sg,SEG,1.09,Blk. 874 Admiralty Rd. #02-28
Ray Taylor,64290,64290@nopoly.sg,SEG,3.66,Blk. 287 Admiralty Ave. #14-95
Bob May,69659,69659@nopoly.sg,SEG,3.05,Blk. 881 Woodlands Rd. #02-25
Nathan Akbar,62818,62818@nopoly.sg,SHL,1.17,Blk. 194 Yishun Rd. #12-36
Valentine Zulkarnaen,67438,67438@nopoly.sg,SHL,2.74,Blk. 621 Marsiling St. #05-73
Paul Suleiman,61865,61865@nopoly.sg,STA,2.09,Blk. 569 Admiralty Rd. #15-29
Jacob Obama,65620,65620@nopoly.sg,STA,1.39,Blk. 253 Woodlands St. #13-36
Bob Neo,66993,66993@nopoly.sg,SHL,1.86,Blk. 189 Admiralty Rd. #06-18
Mary Smith,67288,67288@nopoly.sg,SHL,2.99,Blk. 957 Woodlands Ave. #14-22
Zul Iskandar,68375,68375@nopoly.sg,SEG,2.26,Blk. 510 Sembawang Ave. #07-60
John Obama,63000,63000@nopoly.sg,SOH,3.85,Blk. 198 Admiralty Ave. #05-79
Peter John,61881,61881@nopoly.sg,SOH,3.78,Blk. 138 Marsiling Ave. #05-39
Derek Taylor,67134,67134@nopoly.sg,SHL,2.18,Blk. 240 Sembawang St. #15-87
Ike Neo,68343,68343@nopoly.sg,SEG,1.92,Blk. 536 Admiralty St. #03-80
Robert Iskandar,66494,66494@nopoly.sg,SOH,3.19,Blk. 863 Yishun Rd. #12-93
Zul Taylor,65289,65289@nopoly.sg,STA,1.14,Blk. 654 Yishun St. #02-43
Madison Carpenter,66111,66111@nopoly.sg,SEG,3.78,Blk. 350 Yishun St. #02-46
Robert Akbar,68393,68393@nopoly.sg,SEG,3.91,Blk. 919 Woodlands Rd. #02-27
Bob Lam,65644,65644@nopoly.sg,SIT,2.27,Blk. 250 Yishun St. #13-20
Ivy Suleiman,69782,69782@nopoly.sg,SIT,3.88,Blk. 314 Marsiling St. #02-15
Robert Zulkarnaen,62973,62973@nopoly.sg,STA,3.65,Blk. 687 Sembawang St. #07-78
Valentine Rios,61977,61977@nopoly.sg,SEG,1.62,Blk. 262 Marsiling St. #10-43
Nathan Lam,66092,66092@nopoly.sg,STA,2.61,Blk. 460 Marsiling Ave. #14-37
Hannah Taylor,66009,66009@nopoly.sg,STA,3.23,Blk. 530 Sembawang Ave. #04-48
Helen Akbar,64505,64505@nopoly.sg,SIT,3.81,Blk. 700 Admiralty St. #08-91
Jacob Akbar,67455,67455@nopoly.sg,SOH,2.70,Blk. 179 Marsiling Ave. #13-47
Peter Suleiman,67635,67635@nopoly.sg,SIT,3.23,Blk. 589 Woodlands St. #01-66
Fatimah Carpenter,67538,67538@nopoly.sg,SHL,3.57,Blk. 618 Yishun Rd. #05-97
Quentin Lim,61822,61822@nopoly.sg,SOH,2.63,Blk. 925 Sembawang Ave. #05-88
Valentine Obama,68411,68411@nopoly.sg,STA,2.48,Blk. 546 Woodlands Rd. #03-94
Roy Gonzales,66290,66290@nopoly.sg,STA,2.38,Blk. 853 Yishun Rd. #05-22
Trent Jones,66024,66024@nopoly.sg,SIT,2.45,Blk. 107 Marsiling St. #02-80
Zul Lam,69478,69478@nopoly.sg,SEG,1.80,Blk. 761 Admiralty St. #08-98
Salim May,66798,66798@nopoly.sg,SEG,3.11,Blk. 464 Marsiling Ave. #08-15
Mary Suleiman,61487,61487@nopoly.sg,SOH,2.84,Blk. 514 Woodlands Ave. #05-48
Louis Rios,63276,63276@nopoly.sg,SOH,3.21,Blk. 530 Marsiling Rd. #09-73
Jonah Rios,66577,66577@nopoly.sg,SEG,1.75,Blk. 461 Marsiling Rd. #15-75
Charles May,66341,66341@nopoly.sg,STA,3.57,Blk. 279 Yishun Ave. #15-98
Evi Suleiman,67000,67000@nopoly.sg,SHL,3.01,Blk. 529 Marsiling St. #16-21
Nathan Taylor,63126,63126@nopoly.sg,SOH,2.20,Blk. 659 Admiralty St. #05-46
William Tan,61361,61361@nopoly.sg,SEG,3.68,Blk. 928 Marsiling Rd. #07-14
Otis Jones,64815,64815@nopoly.sg,STA,1.12,Blk. 330 Admiralty St. #06-12
Bob May,67362,67362@nopoly.sg,STA,2.78,Blk. 567 Admiralty Rd. #06-36
Quentin Abdul,63081,63081@nopoly.sg,SEG,2.96,Blk. 900 Sembawang St. #03-96
Jonah Suleiman,61994,61994@nopoly.sg,STA,3.00,Blk. 783 Sembawang Ave. #07-81
Derek Taylor,69928,69928@nopoly.sg,SHL,3.67,Blk. 129 Sembawang Ave. #13-73
Louis Obama,65409,65409@nopoly.sg,SHL,1.78,Blk. 123 Yishun St. #04-89
Theodore Taylor,65936,65936@nopoly.sg,SIT,1.26,Blk. 892 Admiralty Rd. #07-21
Ray Zulkarnaen,69049,69049@nopoly.sg,SEG,3.02,Blk. 912 Sembawang St. #09-26
Ike Tay,67416,67416@nopoly.sg,SOH,3.66,Blk. 192 Woodlands Rd. #07-40
Ronald Jones,66159,66159@nopoly.sg,SEG,2.78,Blk. 787 Sembawang St. #12-40
Hannah Iskandar,68027,68027@nopoly.sg,SIT,1.91,Blk. 789 Yishun St. #10-92
Evi Akbar,62469,62469@nopoly.sg,SEG,1.95,Blk. 359 Yishun Rd. #10-73
Charles Smith,67731,67731@nopoly.sg,STA,1.14,Blk. 283 Woodlands St. #10-28
Bob Zulkarnaen,66302,66302@nopoly.sg,SHL,1.52,Blk. 359 Woodlands St. #10-62
Eva Obama,65203,65203@nopoly.sg,SHL,2.38,Blk. 919 Woodlands St. #10-48
Nathan Jones,62523,62523@nopoly.sg,SOH,3.38,Blk. 380 Yishun Rd. #05-31
Taufiq Perez,68278,68278@nopoly.sg,SOH,1.61,Blk. 975 Marsiling St. #08-29
Helen Tay,64509,64509@nopoly.sg,SOH,3.63,Blk. 198 Marsiling Rd. #03-36
Otis Abdul,69506,69506@nopoly.sg,SHL,1.84,Blk. 373 Yishun St. #01-80
Helen Perez,61563,61563@nopoly.sg,SOH,2.76,Blk. 928 Admiralty St. #11-44
Jonah Tay,62912,62912@nopoly.sg,STA,3.73,Blk. 871 Marsiling Ave. #16-25
Jacob Smith,64672,64672@nopoly.sg,STA,1.72,Blk. 854 Woodlands Rd. #03-41
Taufiq Smith,66885,66885@nopoly.sg,STA,1.72,Blk. 956 Sembawang Rd. #03-32
Jonah Suleiman,68817,68817@nopoly.sg,SIT,3.72,Blk. 260 Yishun Rd. #05-52
Madison Perez,63216,63216@nopoly.sg,SEG,3.07,Blk. 534 Marsiling Ave. #01-36
William Suleiman,67469,67469@nopoly.sg,STA,3.73,Blk. 356 Admiralty St. #16-70
Robert Lin,62177,62177@nopoly.sg,STA,2.27,Blk. 900 Yishun Rd. #13-85
Paul Gonzales,64297,64297@nopoly.sg,SIT,3.72,Blk. 178 Woodlands St. #09-24
Eva Carpenter,63885,63885@nopoly.sg,SHL,2.64,Blk. 786 Admiralty Ave. #04-88
Theodore Lim,64443,64443@nopoly.sg,STA,1.64,Blk. 820 Marsiling Ave. #04-56
Hannah John,61671,61671@nopoly.sg,STA,2.66,Blk. 796 Sembawang Ave. #11-91
Valentino Iskandar,66006,66006@nopoly.sg,STA,3.71,Blk. 411 Admiralty Ave. #06-10
Valentine Iskandar,69163,69163@nopoly.sg,SOH,1.94,Blk. 468 Yishun Ave. #15-80
Robert Neo,68573,68573@nopoly.sg,STA,1.78,Blk. 699 Marsiling Rd. #05-15
Taufiq Obama,62049,62049@nopoly.sg,SIT,1.90,Blk. 208 Yishun Rd. #06-36
Helen Jones,68464,68464@nopoly.sg,SIT,2.55,Blk. 219 Sembawang St. #02-28
Theodore Taylor,68967,68967@nopoly.sg,SHL,1.79,Blk. 114 Yishun Rd. #03-25
Bob Zulkarnaen,66856,66856@nopoly.sg,STA,3.61,Blk. 382 Woodlands Ave. #05-51
Peter Lim,68099,68099@nopoly.sg,SEG,1.62,Blk. 942 Woodlands Rd. #04-51
Jacob Tan,61384,61384@nopoly.sg,SOH,3.38,Blk. 890 Marsiling Rd. #02-97
Stephen Tay,64607,64607@nopoly.sg,SHL,2.02,Blk. 183 Woodlands St. #16-22
George Lim,68251,68251@nopoly.sg,SOH,2.22,Blk. 224 Sembawang Ave. #05-83
Ivy Yang,64138,64138@nopoly.sg,SOH,3.67,Blk. 287 Woodlands St. #10-32
Jonah May,67876,67876@nopoly.sg,SOH,1.77,Blk. 294 Yishun Rd. #09-40
Taufiq Miller,69565,69565@nopoly.sg,SHL,2.29,Blk. 899 Sembawang St. #15-18
Valentino Carpenter,68027,68027@nopoly.sg,SHL,2.75,Blk. 731 Sembawang Rd. #12-73
George Lim,61360,61360@nopoly.sg,SOH,1.27,Blk. 900 Woodlands Rd. #09-46
Ivy Jones,69710,69710@nopoly.sg,SHL,3.15,Blk. 792 Yishun St. #13-53
Greg Iskandar,66262,66262@nopoly.sg,STA,2.75,Blk. 493 Sembawang Ave. #12-94
Stephen Miller,61450,61450@nopoly.sg,SIT,2.70,Blk. 203 Yishun Ave. #15-33
Ray Obama,64915,64915@nopoly.sg,STA,2.28,Blk. 731 Yishun Rd. #14-52
Jonah John,61944,61944@nopoly.sg,SEG,2.95,Blk. 430 Yishun Rd. #15-12
Louis May,69600,69600@nopoly.sg,STA,2.84,Blk. 353 Woodlands Rd. #06-99
Roy Suleiman,66112,66112@nopoly.sg,STA,3.09,Blk. 727 Admiralty Ave. #04-69
Valentine May,63399,63399@nopoly.sg,STA,3.24,Blk. 109 Sembawang St. #07-70
Peter Neo,64134,64134@nopoly.sg,SOH,2.96,Blk. 167 Admiralty Rd. #08-73
Otis Perez,63410,63410@nopoly.sg,SOH,2.54,Blk. 818 Woodlands Rd. #10-52
Mary Jones,61703,61703@nopoly.sg,SEG,1.71,Blk. 212 Admiralty Rd. #01-38
William Lin,65622,65622@nopoly.sg,SOH,2.72,Blk. 387 Sembawang Ave. #10-76
Mary Taylor,67015,67015@nopoly.sg,SOH,2.12,Blk. 243 Woodlands Rd. #01-33
Jonah Carpenter,64867,64867@nopoly.sg,SEG,3.38,Blk. 791 Sembawang Rd. #11-83
Ronald Suleiman,68957,68957@nopoly.sg,SOH,3.06,Blk. 329 Marsiling Rd. #12-14
Valentine Gonzales,63039,63039@nopoly.sg,SOH,1.56,Blk. 692 Sembawang Rd. #12-51
Roy Akbar,68318,68318@nopoly.sg,STA,2.48,Blk. 829 Sembawang Ave. #04-44
Ray Obama,66515,66515@nopoly.sg,SHL,3.24,Blk. 543 Yishun St. #03-98
John Gonzales,64007,64007@nopoly.sg,SHL,1.01,Blk. 196 Marsiling Ave. #08-87
William Yang,61414,61414@nopoly.sg,SOH,2.50,Blk. 508 Admiralty St. #06-77
John Taylor,64379,64379@nopoly.sg,SHL,2.17,Blk. 981 Sembawang St. #10-88
Hannah Zulkarnaen,64660,64660@nopoly.sg,STA,2.29,Blk. 746 Admiralty St. #11-91
Greg Lim,66228,66228@nopoly.sg,SIT,1.01,Blk. 710 Sembawang St. #10-95
Anna Suleiman,61467,61467@nopoly.sg,SEG,3.56,Blk. 572 Admiralty St. #08-92
Fatimah Abdul,63471,63471@nopoly.sg,SEG,2.52,Blk. 492 Yishun St. #12-80
Ray Carpenter,61815,61815@nopoly.sg,SHL,1.16,Blk. 115 Admiralty Rd. #13-48
Theodore Neo,69135,69135@nopoly.sg,SIT,1.60,Blk. 169 Marsiling St. #08-16
Bob Zulkarnaen,65422,65422@nopoly.sg,STA,3.04,Blk. 159 Yishun St. #06-38
Greg Obama,64004,64004@nopoly.sg,SIT,1.53,Blk. 792 Woodlands Ave. #06-10
Nathan Neo,67859,67859@nopoly.sg,SOH,3.22,Blk. 852 Woodlands Rd. #04-54
Bob Tan,64556,64556@nopoly.sg,SHL,1.97,Blk. 320 Yishun Rd. #15-82
Fatimah Akbar,64527,64527@nopoly.sg,SEG,3.49,Blk. 789 Marsiling Rd. #13-72
Trent Suleiman,67045,67045@nopoly.sg,STA,3.66,Blk. 888 Sembawang St. #03-96
Roy Yang,66240,66240@nopoly.sg,SHL,2.87,Blk. 984 Marsiling Ave. #12-38
Peter Perez,66600,66600@nopoly.sg,SIT,1.14,Blk. 752 Woodlands Rd. #12-78
Anna Zulkarnaen,63158,63158@nopoly.sg,SIT,1.29,Blk. 788 Woodlands Ave. #05-66
Trent Zulkarnaen,69264,69264@nopoly.sg,SOH,3.72,Blk. 583 Admiralty Rd. #02-33
Steven Obama,65657,65657@nopoly.sg,SOH,3.86,Blk. 712 Marsiling Rd. #03-68
Zul Taylor,68830,68830@nopoly.sg,STA,3.61,Blk. 824 Yishun Rd. #15-66
Quentin Obama,66382,66382@nopoly.sg,SEG,3.04,Blk. 736 Admiralty St. #09-28
Anna Zulkarnaen,62386,62386@nopoly.sg,SIT,2.39,Blk. 591 Sembawang Ave. #09-99
Salim Akbar,64353,64353@nopoly.sg,SEG,2.63,Blk. 489 Yishun St. #15-20
Ike Taylor,62999,62999@nopoly.sg,SIT,3.09,Blk. 320 Yishun Ave. #05-45
Robert Miller,62338,62338@nopoly.sg,SOH,2.79,Blk. 452 Woodlands St. #01-40
Greg Carpenter,65242,65242@nopoly.sg,SEG,3.35,Blk. 834 Sembawang St. #03-74
Ike Rios,64397,64397@nopoly.sg,STA,1.33,Blk. 545 Woodlands Ave. #14-74
Valentine Lim,66271,66271@nopoly.sg,SOH,1.58,Blk. 257 Admiralty Rd. #15-77
Derek Yang,68826,68826@nopoly.sg,SEG,3.56,Blk. 740 Marsiling Ave. #15-30
Jacob Lin,66746,66746@nopoly.sg,SHL,2.31,Blk. 781 Yishun St. #07-38
Valentino Carpenter,66677,66677@nopoly.sg,SEG,1.42,Blk. 774 Marsiling St. #14-36
George Neo,68864,68864@nopoly.sg,SOH,3.84,Blk. 141 Marsiling St. #07-22
Ike Taylor,68358,68358@nopoly.sg,SHL,1.48,Blk. 772 Yishun St. #07-20
Valentine Lam,65801,65801@nopoly.sg,SIT,3.88,Blk. 229 Sembawang St. #15-13
John Perez,66334,66334@nopoly.sg,SHL,2.52,Blk. 650 Marsiling Ave. #14-80
Stephen Abdul,67686,67686@nopoly.sg,STA,3.73,Blk. 175 Admiralty Rd. #06-99
Charles Lim,68577,68577@nopoly.sg,SHL,1.69,Blk. 650 Woodlands Ave. #16-15
Evi Miller,67043,67043@nopoly.sg,SHL,1.41,Blk. 118 Admiralty St. #05-98
Valentino Lam,65522,65522@nopoly.sg,STA,3.81,Blk. 362 Woodlands Ave. #04-43
Ray Yang,67590,67590@nopoly.sg,SEG,4.00,Blk. 485 Sembawang Rd. #16-74
Eva Lim,65687,65687@nopoly.sg,SHL,1.58,Blk. 222 Marsiling Ave. #12-38
Eva Gonzales,69730,69730@nopoly.sg,STA,1.21,Blk. 348 Sembawang St. #03-77
Valentino Miller,65055,65055@nopoly.sg,SIT,1.07,Blk. 263 Admiralty Rd. #10-42
Paul Abdul,63705,63705@nopoly.sg,SEG,2.37,Blk. 892 Yishun St. #14-96
Nathan Tay,67129,67129@nopoly.sg,SOH,3.16,Blk. 961 Yishun St. #12-94
Charles John,69467,69467@nopoly.sg,SHL,2.18,Blk. 514 Marsiling Rd. #08-64
Paul Lim,64601,64601@nopoly.sg,SEG,3.42,Blk. 401 Sembawang Rd. #02-41
Ronald John,61579,61579@nopoly.sg,SEG,2.48,Blk. 271 Yishun Rd. #03-91
Valentine Jones,63693,63693@nopoly.sg,SEG,3.79,Blk. 424 Admiralty Rd. #06-27
Robert Miller,63597,63597@nopoly.sg,SOH,2.72,Blk. 939 Marsiling St. #07-38
Jonah Gonzales,69638,69638@nopoly.sg,STA,3.21,Blk. 408 Admiralty St. #14-97
Taufiq Lim,62634,62634@nopoly.sg,SHL,1.63,Blk. 361 Admiralty Ave. #02-75
John Carpenter,61504,61504@nopoly.sg,SIT,1.86,Blk. 454 Yishun St. #04-56
Fatimah Lin,62805,62805@nopoly.sg,STA,2.99,Blk. 276 Yishun Rd. #11-40
Paul Akbar,62771,62771@nopoly.sg,SEG,3.79,Blk. 966 Woodlands Ave. #04-42
Bob May,67225,67225@nopoly.sg,SIT,2.54,Blk. 927 Woodlands Ave. #09-38
Louis Smith,69406,69406@nopoly.sg,SOH,1.24,Blk. 626 Admiralty St. #09-67
Bob Tan,65122,65122@nopoly.sg,SOH,3.97,Blk. 864 Marsiling Rd. #01-16
Stephen Lim,69094,69094@nopoly.sg,SEG,3.87,Blk. 743 Woodlands St. #11-92
Ivy Yang,67659,67659@nopoly.sg,SEG,3.21,Blk. 966 Sembawang Rd. #10-76
Taufiq Smith,63634,63634@nopoly.sg,SIT,3.60,Blk. 408 Marsiling St. #07-36
Bob Yang,65772,65772@nopoly.sg,SIT,2.36,Blk. 305 Marsiling Ave. #04-31
Eva Iskandar,69043,69043@nopoly.sg,SEG,2.07,Blk. 632 Sembawang Ave. #11-78
Roy Abdul,62981,62981@nopoly.sg,SOH,3.99,Blk. 920 Marsiling Ave. #12-54
Salim May,68198,68198@nopoly.sg,SEG,3.76,Blk. 601 Marsiling Ave. #07-82
Robert Neo,67162,67162@nopoly.sg,SHL,2.94,Blk. 560 Woodlands Rd. #01-46
Ike Abdul,67375,67375@nopoly.sg,SEG,2.75,Blk. 737 Sembawang Rd. #15-77
Anna Lam,62004,62004@nopoly.sg,SHL,2.02,Blk. 361 Sembawang Ave. #09-24
Jacob Akbar,68066,68066@nopoly.sg,SIT,2.40,Blk. 689 Marsiling Ave. #05-13
Jonah Abdul,63609,63609@nopoly.sg,SEG,3.79,Blk. 332 Yishun St. #05-49
Quentin Gonzales,64361,64361@nopoly.sg,SHL,2.63,Blk. 254 Marsiling St. #16-70
John Taylor,69631,69631@nopoly.sg,SIT,1.77,Blk. 291 Sembawang St. #07-54
Eva Tay,67617,67617@nopoly.sg,SHL,2.12,Blk. 859 Woodlands St. #06-85
Hannah Abdul,61891,61891@nopoly.sg,SOH,2.29,Blk. 388 Sembawang Rd. #09-21
Jonah Yang,63900,63900@nopoly.sg,SHL,1.47,Blk. 329 Sembawang Rd. #05-78
Bob Abdul,64243,64243@nopoly.sg,STA,3.79,Blk. 937 Admiralty Rd. #01-39
Fatimah May,62524,62524@nopoly.sg,SIT,2.08,Blk. 270 Admiralty St. #10-64
Charles Rios,66103,66103@nopoly.sg,SIT,1.87,Blk. 343 Sembawang Rd. #12-48
Derek Rios,61841,61841@nopoly.sg,SHL,1.19,Blk. 869 Sembawang Ave. #12-43
Derek Gonzales,63598,63598@nopoly.sg,SEG,3.09,Blk. 969 Marsiling St. #08-92
Ivy May,64897,64897@nopoly.sg,SIT,1.21,Blk. 786 Yishun Rd. #08-90
Eva Suleiman,62807,62807@nopoly.sg,STA,3.57,Blk. 188 Woodlands Rd. #05-50
Anna Taylor,61618,61618@nopoly.sg,SHL,3.35,Blk. 695 Marsiling Ave. #10-62
Salim Gonzales,67586,67586@nopoly.sg,STA,1.36,Blk. 661 Woodlands St. #10-90
Paul Zulkarnaen,63258,63258@nopoly.sg,SEG,3.76,Blk. 964 Marsiling St. #10-67
Ray May,64862,64862@nopoly.sg,SOH,1.04,Blk. 445 Yishun Rd. #14-63
Eva Lin,61692,61692@nopoly.sg,SHL,3.70,Blk. 671 Sembawang Ave. #02-56
Jonah Tan,67834,67834@nopoly.sg,STA,1.35,Blk. 104 Sembawang St. #15-70
Robert Smith,65972,65972@nopoly.sg,SOH,2.25,Blk. 325 Yishun Ave. #12-87
Hannah Lam,63552,63552@nopoly.sg,SHL,3.81,Blk. 799 Woodlands Rd. #08-36
Ivy May,65175,65175@nopoly.sg,SEG,2.56,Blk. 923 Admiralty Rd. #15-59
Valentine Smith,66210,66210@nopoly.sg,STA,3.31,Blk. 483 Sembawang Ave. #11-99
Charles May,63280,63280@nopoly.sg,STA,2.40,Blk. 306 Sembawang Ave. #14-45
Evi Iskandar,66277,66277@nopoly.sg,STA,1.58,Blk. 429 Admiralty Rd. #08-66
Fatimah Lam,69027,69027@nopoly.sg,SEG,2.88,Blk. 589 Admiralty Rd. #16-79
Ronald Akbar,61258,61258@nopoly.sg,SHL,1.20,Blk. 589 Marsiling Ave. #12-69
Madison Lin,65801,65801@nopoly.sg,STA,2.04,Blk. 545 Admiralty Rd. #12-95
Greg John,68281,68281@nopoly.sg,STA,1.20,Blk. 657 Sembawang St. #07-98
Ivy Carpenter,69113,69113@nopoly.sg,SEG,1.97,Blk. 945 Marsiling Rd. #04-92
Louis Smith,66811,66811@nopoly.sg,STA,3.41,Blk. 303 Yishun Rd. #08-99
Mary Abdul,65376,65376@nopoly.sg,SIT,1.02,Blk. 562 Woodlands St. #04-32
Quentin Lin,68857,68857@nopoly.sg,SEG,1.25,Blk. 697 Admiralty St. #08-85
Fatimah Yang,66543,66543@nopoly.sg,SHL,1.99,Blk. 446 Yishun Rd. #04-86
John Gonzales,67385,67385@nopoly.sg,SHL,3.06,Blk. 255 Marsiling St. #06-50
Quentin Tay,69725,69725@nopoly.sg,SHL,2.28,Blk. 833 Sembawang Ave. #11-65
Louis Miller,65123,65123@nopoly.sg,SHL,1.88,Blk. 409 Sembawang St. #08-23
George Lam,65065,65065@nopoly.sg,SIT,2.07,Blk. 484 Marsiling Ave. #06-44
William May,68080,68080@nopoly.sg,SHL,2.44,Blk. 481 Sembawang Rd. #12-39
Ray John,67707,67707@nopoly.sg,SHL,3.81,Blk. 464 Admiralty St. #02-69
Zul Abdul,65696,65696@nopoly.sg,SEG,1.63,Blk. 542 Sembawang Rd. #04-92
Taufiq Neo,66033,66033@nopoly.sg,SEG,1.56,Blk. 280 Woodlands Rd. #08-99
Ray Yang,69205,69205@nopoly.sg,SOH,1.96,Blk. 385 Admiralty Ave. #08-70
Ray John,65370,65370@nopoly.sg,SEG,2.66,Blk. 508 Marsiling Ave. #06-23
Theodore Carpenter,67021,67021@nopoly.sg,SOH,2.10,Blk. 343 Marsiling St. #02-31
John Perez,64551,64551@nopoly.sg,SHL,3.56,Blk. 278 Marsiling Rd. #15-66
Anna Rios,61497,61497@nopoly.sg,SIT,3.38,Blk. 594 Marsiling St. #06-48
Trent Abdul,64535,64535@nopoly.sg,SEG,2.07,Blk. 462 Marsiling St. #08-62
Nathan Jones,63972,63972@nopoly.sg,SIT,2.92,Blk. 637 Marsiling Ave. #13-39
Steven Iskandar,65006,65006@nopoly.sg,SOH,2.03,Blk. 219 Admiralty Ave. #13-94
Madison Gonzales,66202,66202@nopoly.sg,STA,2.15,Blk. 288 Yishun Ave. #05-43
Roy Smith,69144,69144@nopoly.sg,SEG,2.81,Blk. 334 Admiralty Rd. #01-14
Louis Yang,61489,61489@nopoly.sg,SIT,2.12,Blk. 423 Admiralty Rd. #02-93
Charles Taylor,67875,67875@nopoly.sg,SIT,1.60,Blk. 484 Admiralty Ave. #14-45
Valentino Tay,64467,64467@nopoly.sg,SIT,1.77,Blk. 433 Admiralty Ave. #15-92
Taufiq Taylor,64622,64622@nopoly.sg,SOH,1.73,Blk. 904 Sembawang Rd. #05-61
Ronald Perez,65705,65705@nopoly.sg,SIT,2.16,Blk. 213 Yishun St. #05-56
George Akbar,67540,67540@nopoly.sg,SEG,2.90,Blk. 502 Marsiling Ave. #12-53
Nathan Akbar,63984,63984@nopoly.sg,SEG,2.72,Blk. 252 Sembawang Ave. #09-40
Nathan Carpenter,61385,61385@nopoly.sg,SOH,1.15,Blk. 296 Yishun St. #12-90
Ivy Abdul,62364,62364@nopoly.sg,SEG,2.40,Blk. 486 Yishun Ave. #14-81
Anna Neo,64112,64112@nopoly.sg,SOH,3.94,Blk. 618 Admiralty Rd. #02-77
Otis Perez,65236,65236@nopoly.sg,SEG,2.33,Blk. 154 Admiralty Ave. #06-20
Louis Jones,63138,63138@nopoly.sg,SIT,3.22,Blk. 496 Yishun Ave. #04-67
Fatimah Iskandar,68510,68510@nopoly.sg,SOH,1.17,Blk. 986 Woodlands Ave. #10-54
Helen Gonzales,69261,69261@nopoly.sg,SHL,1.88,Blk. 997 Sembawang Ave. #04-73
George Lam,68663,68663@nopoly.sg,SOH,3.66,Blk. 985 Admiralty Rd. #05-32
Peter Rios,63441,63441@nopoly.sg,SEG,2.54,Blk. 476 Marsiling St. #04-76
Helen Akbar,68925,68925@nopoly.sg,SOH,3.77,Blk. 989 Woodlands Rd. #01-12
Fatimah Obama,67447,67447@nopoly.sg,SEG,1.57,Blk. 365 Sembawang Rd. #08-12
Helen Miller,68188,68188@nopoly.sg,SEG,3.69,Blk. 793 Sembawang St. #13-18
Ivy May,69669,69669@nopoly.sg,SOH,2.02,Blk. 482 Woodlands Ave. #05-80
Helen Lim,67981,67981@nopoly.sg,SOH,1.34,Blk. 834 Yishun Ave. #07-31
Roy Suleiman,69663,69663@nopoly.sg,STA,1.54,Blk. 304 Marsiling Ave. #03-82
Quentin Perez,66462,66462@nopoly.sg,STA,3.38,Blk. 112 Marsiling Rd. #02-37
Anna Carpenter,69652,69652@nopoly.sg,STA,2.68,Blk. 642 Marsiling Ave. #04-31
Steven John,66173,66173@nopoly.sg,SOH,2.26,Blk. 623 Sembawang St. #03-47
Ivy Rios,67128,67128@nopoly.sg,SHL,2.79,Blk. 702 Admiralty Ave. #13-61
Valentine Taylor,68857,68857@nopoly.sg,SHL,1.21,Blk. 521 Woodlands Rd. #05-35
Robert Tay,61889,61889@nopoly.sg,SHL,1.42,Blk. 396 Yishun Ave. #04-22
Trent Abdul,65234,65234@nopoly.sg,SEG,3.77,Blk. 105 Marsiling Rd. #12-70
Fatimah John,62474,62474@nopoly.sg,STA,2.67,Blk. 457 Woodlands St. #15-41
Mary Abdul,63736,63736@nopoly.sg,STA,3.88,Blk. 271 Marsiling St. #13-20
Steven Zulkarnaen,67098,67098@nopoly.sg,SIT,2.81,Blk. 660 Yishun Ave. #15-81
George Jones,63537,63537@nopoly.sg,STA,2.03,Blk. 804 Yishun Rd. #05-96
Paul Akbar,62541,62541@nopoly.sg,SOH,3.74,Blk. 697 Admiralty Ave. #06-32
Salim Suleiman,63859,63859@nopoly.sg,STA,2.27,Blk. 537 Admiralty Rd. #08-17
Anna Rios,67730,67730@nopoly.sg,SHL,3.31,Blk. 182 Admiralty Rd. #06-51
Otis Lin,62397,62397@nopoly.sg,SHL,1.65,Blk. 668 Yishun Ave. #07-57
Ike John,66802,66802@nopoly.sg,SIT,1.28,Blk. 502 Yishun Ave. #06-46
Ivy Smith,65821,65821@nopoly.sg,SIT,3.70,Blk. 733 Sembawang St. #15-84
Jacob Lin,66023,66023@nopoly.sg,SOH,3.83,Blk. 552 Sembawang Rd. #05-14
Helen Lam,66049,66049@nopoly.sg,SIT,1.04,Blk. 839 Woodlands Ave. #12-51
Robert Lim,68681,68681@nopoly.sg,SHL,1.30,Blk. 360 Woodlands Rd. #10-40
Anna Carpenter,61685,61685@nopoly.sg,SEG,3.70,Blk. 750 Yishun St. #14-35
Valentine May,63184,63184@nopoly.sg,SIT,3.07,Blk. 724 Yishun Rd. #11-28
Bob Zulkarnaen,66337,66337@nopoly.sg,SOH,1.49,Blk. 499 Sembawang Ave. #02-94
Salim Rios,69081,69081@nopoly.sg,SIT,1.79,Blk. 127 Woodlands Rd. #15-63
Paul Tay,64254,64254@nopoly.sg,SIT,1.64,Blk. 585 Admiralty Rd. #15-39
Charles Lim,67990,67990@nopoly.sg,SHL,1.28,Blk. 536 Yishun Rd. #05-59
Otis Iskandar,65668,65668@nopoly.sg,SOH,2.05,Blk. 398 Woodlands Rd. #11-39
Ivy Lim,64506,64506@nopoly.sg,SHL,3.55,Blk. 910 Marsiling St. #03-71
Trent Akbar,64638,64638@nopoly.sg,SOH,3.90,Blk. 313 Yishun Ave. #05-81
Trent Obama,61635,61635@nopoly.sg,STA,2.26,Blk. 343 Admiralty Rd. #13-59
Theodore Carpenter,65003,65003@nopoly.sg,SOH,1.45,Blk. 696 Woodlands Ave. #08-77
Roy Smith,66984,66984@nopoly.sg,SIT,1.12,Blk. 578 Woodlands Ave. #02-85
Stephen Perez,68576,68576@nopoly.sg,SIT,3.04,Blk. 678 Yishun St. #02-51
Eva Obama,69661,69661@nopoly.sg,SIT,2.99,Blk. 479 Woodlands Ave. #08-68
Greg Suleiman,65973,65973@nopoly.sg,STA,2.69,Blk. 699 Sembawang St. #08-27
Ivy Gonzales,66804,66804@nopoly.sg,SIT,1.69,Blk. 328 Yishun Ave. #05-18
Derek Lin,68992,68992@nopoly.sg,SEG,2.70,Blk. 597 Sembawang Rd. #14-89
Ivy Gonzales,64900,64900@nopoly.sg,SIT,1.27,Blk. 206 Marsiling St. #12-64
Peter Jones,64286,64286@nopoly.sg,SEG,1.10,Blk. 551 Admiralty Rd. #06-46
Anna Tan,67239,67239@nopoly.sg,SIT,2.20,Blk. 607 Marsiling Ave. #12-23
Ronald Zulkarnaen,69777,69777@nopoly.sg,SEG,2.16,Blk. 437 Sembawang Ave. #14-13
Quentin Smith,62355,62355@nopoly.sg,SHL,1.37,Blk. 780 Sembawang Rd. #10-98
Trent Carpenter,64873,64873@nopoly.sg,SEG,1.48,Blk. 422 Sembawang St. #02-63
Hannah Lam,61967,61967@nopoly.sg,SHL,3.07,Blk. 747 Yishun Rd. #13-60
Stephen Gonzales,67845,67845@nopoly.sg,SIT,3.55,Blk. 782 Yishun Ave. #04-89
Ike Jones,62742,62742@nopoly.sg,STA,3.20,Blk. 860 Yishun Rd. #10-25
Zul Abdul,65443,65443@nopoly.sg,SOH,1.37,Blk. 629 Woodlands Ave. #01-13
Trent Rios,67441,67441@nopoly.sg,STA,3.36,Blk. 632 Woodlands Ave. #02-68
Derek Zulkarnaen,68797,68797@nopoly.sg,SIT,1.32,Blk. 733 Sembawang Rd. #01-88
John Jones,68672,68672@nopoly.sg,SOH,2.56,Blk. 508 Marsiling Ave. #12-98
George Jones,65603,65603@nopoly.sg,SEG,2.46,Blk. 706 Sembawang St. #15-50
John Yang,69102,69102@nopoly.sg,SEG,3.41,Blk. 956 Marsiling St. #13-32
Robert Iskandar,66364,66364@nopoly.sg,STA,2.61,Blk. 615 Woodlands Ave. #14-15
Jacob Iskandar,62340,62340@nopoly.sg,STA,3.02,Blk. 865 Yishun St. #15-50
Paul Abdul,62170,62170@nopoly.sg,SIT,1.07,Blk. 717 Marsiling Ave. #04-95
Anna Suleiman,67637,67637@nopoly.sg,SHL,3.95,Blk. 157 Marsiling Rd. #06-21
Derek Rios,61816,61816@nopoly.sg,SIT,3.50,Blk. 816 Woodlands Rd. #06-87
Roy Gonzales,66962,66962@nopoly.sg,SOH,2.82,Blk. 800 Marsiling Rd. #02-71
Ike Zulkarnaen,69804,69804@nopoly.sg,SIT,3.93,Blk. 803 Admiralty Rd. #04-41
Fatimah Zulkarnaen,62702,62702@nopoly.sg,SOH,1.88,Blk. 342 Yishun St. #05-18
Charles Neo,66843,66843@nopoly.sg,SEG,1.84,Blk. 674 Sembawang St. #12-76
Greg Neo,64502,64502@nopoly.sg,SIT,2.71,Blk. 292 Yishun Rd. #13-43
Valentino Iskandar,68096,68096@nopoly.sg,SHL,3.25,Blk. 992 Marsiling St. #01-98
William Carpenter,69507,69507@nopoly.sg,STA,2.60,Blk. 357 Sembawang Ave. #03-69
Hannah Tay,69187,69187@nopoly.sg,SEG,1.19,Blk. 707 Sembawang St. #10-50
Derek Tay,62934,62934@nopoly.sg,SIT,3.40,Blk. 101 Woodlands Rd. #09-44
Paul John,64533,64533@nopoly.sg,SIT,2.11,Blk. 231 Marsiling Rd. #03-16
Jacob Jones,68901,68901@nopoly.sg,STA,2.57,Blk. 879 Yishun Ave. #09-27
Helen Carpenter,69384,69384@nopoly.sg,SHL,3.03,Blk. 620 Yishun Rd. #06-35
Steven Akbar,68897,68897@nopoly.sg,SEG,1.54,Blk. 546 Sembawang St. #10-53
Nathan Iskandar,66069,66069@nopoly.sg,STA,1.91,Blk. 639 Admiralty Rd. #05-11
Derek Lim,62718,62718@nopoly.sg,STA,3.20,Blk. 389 Woodlands Ave. #06-20
Louis Carpenter,67445,67445@nopoly.sg,SEG,3.79,Blk. 478 Sembawang Ave. #13-91
Greg Zulkarnaen,67164,67164@nopoly.sg,STA,1.74,Blk. 803 Woodlands Ave. #08-71
Anna John,63619,63619@nopoly.sg,SOH,3.53,Blk. 119 Admiralty St. #06-23
Mary Carpenter,61927,61927@nopoly.sg,SEG,2.11,Blk. 962 Sembawang St. #06-10
Evi Neo,67687,67687@nopoly.sg,STA,2.18,Blk. 322 Marsiling St. #05-90
Valentine Iskandar,68552,68552@nopoly.sg,SEG,2.16,Blk. 325 Marsiling Ave. #11-84
Jonah Lin,63947,63947@nopoly.sg,STA,3.78,Blk. 580 Admiralty Ave. #11-57
Roy Tay,63649,63649@nopoly.sg,SEG,2.88,Blk. 654 Sembawang Rd. #08-61
Greg Smith,66193,66193@nopoly.sg,SEG,3.46,Blk. 612 Sembawang Ave. #04-76
Jonah Lam,67968,67968@nopoly.sg,STA,2.25,Blk. 925 Yishun Rd. #13-36
Ray Rios,62004,62004@nopoly.sg,SIT,1.40,Blk. 507 Sembawang St. #11-79
Salim Gonzales,64548,64548@nopoly.sg,STA,1.81,Blk. 100 Sembawang Ave. #13-37
Valentino Tay,63210,63210@nopoly.sg,SOH,3.94,Blk. 997 Marsiling Rd. #12-30
John Akbar,69537,69537@nopoly.sg,SEG,1.93,Blk. 785 Yishun Rd. #08-78
Madison Iskandar,68199,68199@nopoly.sg,SEG,2.42,Blk. 570 Sembawang Ave. #05-43
Valentine Neo,65719,65719@nopoly.sg,SIT,1.82,Blk. 972 Woodlands Rd. #05-54
George Lim,67972,67972@nopoly.sg,SHL,3.48,Blk. 296 Yishun St. #08-71
Stephen Lim,67236,67236@nopoly.sg,SIT,1.90,Blk. 752 Marsiling St. #08-84
John Obama,68705,68705@nopoly.sg,SIT,3.72,Blk. 733 Yishun St. #16-78
Roy Tan,64573,64573@nopoly.sg,STA,2.87,Blk. 564 Woodlands Ave. #15-29
Zul John,63494,63494@nopoly.sg,SEG,2.80,Blk. 990 Sembawang Rd. #03-23
Greg Rios,67145,67145@nopoly.sg,SOH,3.83,Blk. 803 Marsiling St. #10-84
Ike Lin,69204,69204@nopoly.sg,SEG,2.18,Blk. 546 Admiralty Rd. #12-90
Roy Taylor,65116,65116@nopoly.sg,STA,3.75,Blk. 584 Marsiling Ave. #16-88
Stephen Iskandar,69346,69346@nopoly.sg,SEG,2.48,Blk. 417 Sembawang Rd. #08-39
Ivy Akbar,64689,64689@nopoly.sg,SIT,2.65,Blk. 533 Sembawang Ave. #12-64
Otis Neo,68301,68301@nopoly.sg,STA,1.69,Blk. 976 Marsiling Ave. #13-92
Anna John,64606,64606@nopoly.sg,SIT,2.78,Blk. 352 Yishun St. #15-52
Steven Akbar,67005,67005@nopoly.sg,SIT,3.96,Blk. 828 Admiralty St. #09-71
Salim Jones,65210,65210@nopoly.sg,SIT,2.07,Blk. 156 Sembawang St. #01-64
Nathan Akbar,64440,64440@nopoly.sg,SHL,2.12,Blk. 403 Sembawang Ave. #13-35
Salim Smith,62613,62613@nopoly.sg,SHL,2.43,Blk. 766 Woodlands St. #01-16
Ray Miller,65022,65022@nopoly.sg,SOH,3.44,Blk. 858 Admiralty Rd. #15-20
Derek Akbar,68892,68892@nopoly.sg,STA,2.15,Blk. 674 Marsiling Ave. #08-14
Nathan Perez,67964,67964@nopoly.sg,SEG,1.47,Blk. 660 Woodlands Ave. #09-98
John Perez,61811,61811@nopoly.sg,SOH,2.05,Blk. 478 Yishun Rd. #15-64
Valentine John,67439,67439@nopoly.sg,SIT,3.63,Blk. 239 Woodlands Ave. #11-47
Evi May,65697,65697@nopoly.sg,SIT,1.60,Blk. 825 Admiralty Rd. #06-59
Fatimah Iskandar,69785,69785@nopoly.sg,STA,2.67,Blk. 204 Marsiling St. #16-25
Otis Neo,69270,69270@nopoly.sg,SHL,3.58,Blk. 712 Yishun St. #04-97
Roy Neo,65960,65960@nopoly.sg,SHL,3.66,Blk. 119 Admiralty St. #03-63
Helen Lam,68017,68017@nopoly.sg,SIT,1.31,Blk. 353 Marsiling St. #12-55
Ike Miller,63931,63931@nopoly.sg,SIT,2.99,Blk. 717 Marsiling St. #08-73
Otis Carpenter,63882,63882@nopoly.sg,SOH,2.05,Blk. 835 Yishun Rd. #02-62
Roy Rios,63541,63541@nopoly.sg,SEG,2.26,Blk. 196 Yishun Ave. #09-20
Valentine Jones,62073,62073@nopoly.sg,SIT,2.53,Blk. 634 Woodlands Rd. #12-53
Anna May,68113,68113@nopoly.sg,SIT,2.38,Blk. 192 Yishun Rd. #08-36
Charles Iskandar,62902,62902@nopoly.sg,SHL,1.47,Blk. 858 Woodlands Rd. #01-76
Charles Perez,62607,62607@nopoly.sg,SOH,3.23,Blk. 462 Yishun Rd. #16-11
George Neo,66562,66562@nopoly.sg,SHL,1.45,Blk. 819 Woodlands St. #14-58
Ike Suleiman,66515,66515@nopoly.sg,SHL,2.58,Blk. 655 Sembawang Ave. #13-85
Trent Gonzales,63478,63478@nopoly.sg,SHL,3.70,Blk. 639 Sembawang Ave. #09-38
Nathan Lin,63335,63335@nopoly.sg,SEG,2.95,Blk. 362 Woodlands St. #09-94
Peter Tay,66479,66479@nopoly.sg,STA,1.91,Blk. 338 Woodlands St. #07-43
Quentin Obama,61733,61733@nopoly.sg,STA,3.24,Blk. 861 Woodlands Ave. #12-60
Otis Tan,62568,62568@nopoly.sg,SEG,1.90,Blk. 658 Admiralty St. #08-83
Ronald Perez,69017,69017@nopoly.sg,SOH,1.24,Blk. 233 Yishun St. #06-71
Paul Obama,68366,68366@nopoly.sg,SHL,2.48,Blk. 404 Woodlands Ave. #11-74
Jacob Carpenter,63776,63776@nopoly.sg,SIT,3.16,Blk. 375 Marsiling St. #15-37
Eva Taylor,66326,66326@nopoly.sg,STA,3.32,Blk. 554 Admiralty Ave. #01-18
Helen Carpenter,61526,61526@nopoly.sg,SEG,2.35,Blk. 839 Admiralty St. #11-74
Nathan Smith,69231,69231@nopoly.sg,SIT,3.55,Blk. 270 Yishun St. #14-18
Zul Lam,61919,61919@nopoly.sg,SHL,1.24,Blk. 513 Yishun St. #06-15
Madison John,64828,64828@nopoly.sg,SHL,2.92,Blk. 518 Yishun St. #11-34
Ronald Lam,69949,69949@nopoly.sg,SHL,2.40,Blk. 321 Admiralty Rd. #11-56
Eva Miller,61940,61940@nopoly.sg,SHL,1.34,Blk. 267 Admiralty Rd. #13-92
Eva John,65795,65795@nopoly.sg,SEG,3.69,Blk. 304 Woodlands Rd. #01-32
Valentine Miller,63921,63921@nopoly.sg,STA,1.47,Blk. 722 Woodlands St. #01-39
Robert Neo,61737,61737@nopoly.sg,SOH,1.50,Blk. 399 Sembawang Ave. #05-26
Nathan Tay,65528,65528@nopoly.sg,SEG,2.82,Blk. 610 Yishun Ave. #08-79
Nathan Rios,65048,65048@nopoly.sg,SEG,3.61,Blk. 218 Sembawang Rd. #06-17
Jacob Lam,69590,69590@nopoly.sg,SHL,3.95,Blk. 690 Woodlands St. #03-23
Zul Jones,61637,61637@nopoly.sg,SOH,3.38,Blk. 372 Sembawang Ave. #02-69
Quentin Lin,66015,66015@nopoly.sg,SOH,1.88,Blk. 405 Woodlands St. #16-73
Paul Miller,64698,64698@nopoly.sg,SIT,3.03,Blk. 318 Yishun Rd. #06-43
Trent Obama,67209,67209@nopoly.sg,SEG,1.89,Blk. 312 Marsiling Rd. #08-40
Trent Lim,62860,62860@nopoly.sg,SIT,2.56,Blk. 753 Admiralty St. #07-10
Evi Smith,66487,66487@nopoly.sg,SEG,2.48,Blk. 382 Woodlands St. #16-68
Bob Lam,69553,69553@nopoly.sg,SEG,3.69,Blk. 326 Marsiling Ave. #12-62
Zul Tan,66145,66145@nopoly.sg,SEG,1.05,Blk. 862 Woodlands St. #15-90
Charles Neo,62312,62312@nopoly.sg,STA,3.15,Blk. 119 Yishun Ave. #05-83
Otis Abdul,66854,66854@nopoly.sg,SHL,3.16,Blk. 441 Sembawang Rd. #05-93
Madison Tay,69275,69275@nopoly.sg,STA,1.60,Blk. 526 Woodlands St. #05-51
Valentino John,62491,62491@nopoly.sg,SEG,3.06,Blk. 254 Admiralty Ave. #07-38
Roy Lim,68099,68099@nopoly.sg,SIT,3.57,Blk. 485 Marsiling St. #08-25
Zul Abdul,63901,63901@nopoly.sg,SHL,1.71,Blk. 844 Sembawang Rd. #06-64
Jacob Miller,63711,63711@nopoly.sg,SIT,1.29,Blk. 112 Admiralty St. #16-27
Salim Tay,62077,62077@nopoly.sg,SOH,3.96,Blk. 200 Marsiling St. #02-33
George Smith,64060,64060@nopoly.sg,SEG,1.68,Blk. 975 Sembawang Rd. #06-54
Ray Lin,62248,62248@nopoly.sg,SOH,3.82,Blk. 568 Woodlands Rd. #02-76
Quentin Smith,62145,62145@nopoly.sg,SHL,1.20,Blk. 165 Marsiling Ave. #13-81
Theodore Perez,66433,66433@nopoly.sg,SEG,2.29,Blk. 837 Marsiling Ave. #10-72
Louis Akbar,65211,65211@nopoly.sg,SOH,2.21,Blk. 751 Woodlands Ave. #10-92
Robert John,66581,66581@nopoly.sg,SIT,2.17,Blk. 506 Marsiling Rd. #10-50
Jonah Carpenter,65034,65034@nopoly.sg,STA,3.99,Blk. 245 Woodlands St. #15-26
Nathan Akbar,62160,62160@nopoly.sg,SHL,3.50,Blk. 947 Woodlands Ave. #14-79
Jacob Neo,66534,66534@nopoly.sg,SOH,1.48,Blk. 317 Marsiling Ave. #01-66
George Yang,61550,61550@nopoly.sg,SEG,2.54,Blk. 457 Woodlands St. #10-77
Taufiq Gonzales,64721,64721@nopoly.sg,SHL,3.80,Blk. 340 Yishun Ave. #06-79
Ivy Lin,69473,69473@nopoly.sg,SEG,1.13,Blk. 555 Marsiling St. #10-22
Theodore Yang,65988,65988@nopoly.sg,SOH,1.79,Blk. 210 Woodlands Rd. #03-76
Greg Iskandar,68585,68585@nopoly.sg,SHL,2.21,Blk. 480 Yishun St. #10-63
Helen Lam,69898,69898@nopoly.sg,SIT,2.64,Blk. 654 Admiralty Rd. #04-53
Ivy Lim,66231,66231@nopoly.sg,SOH,3.28,Blk. 401 Admiralty St. #12-41
Ronald May,66296,66296@nopoly.sg,SEG,4.00,Blk. 933 Marsiling St. #09-46
Valentino Tan,66554,66554@nopoly.sg,SIT,1.86,Blk. 777 Woodlands Rd. #14-97
Greg Lin,64050,64050@nopoly.sg,SOH,1.47,Blk. 753 Yishun St. #01-55
Mary Carpenter,67068,67068@nopoly.sg,STA,3.58,Blk. 616 Admiralty Ave. #04-50
Valentine Yang,65365,65365@nopoly.sg,SHL,2.54,Blk. 955 Admiralty Rd. #05-15
George Miller,68265,68265@nopoly.sg,SHL,2.56,Blk. 222 Marsiling Ave. #14-49
Stephen May,67359,67359@nopoly.sg,STA,1.70,Blk. 128 Marsiling Rd. #15-37
Nathan Obama,68429,68429@nopoly.sg,SIT,1.28,Blk. 649 Yishun St. #14-36
Evi Jones,67960,67960@nopoly.sg,SOH,2.17,Blk. 716 Marsiling Ave. #04-27
Peter May,66369,66369@nopoly.sg,SHL,2.39,Blk. 976 Marsiling Rd. #16-59
Jonah Obama,69927,69927@nopoly.sg,SEG,3.58,Blk. 338 Admiralty St. #12-15
Mary Miller,66541,66541@nopoly.sg,STA,1.62,Blk. 717 Sembawang St. #11-37
Eva Tan,63997,63997@nopoly.sg,SIT,1.97,Blk. 591 Woodlands Ave. #03-87
Taufiq Jones,61502,61502@nopoly.sg,SIT,3.44,Blk. 462 Admiralty Rd. #03-95
Taufiq Neo,63995,63995@nopoly.sg,STA,1.86,Blk. 731 Sembawang Rd. #03-83
Madison Taylor,69161,69161@nopoly.sg,SHL,2.83,Blk. 327 Woodlands St. #12-31
Nathan Gonzales,63619,63619@nopoly.sg,SOH,1.29,Blk. 159 Marsiling St. #04-54
Ronald Carpenter,67698,67698@nopoly.sg,SHL,2.80,Blk. 799 Woodlands Ave. #10-57
Eva Akbar,63555,63555@nopoly.sg,SOH,1.69,Blk. 164 Yishun Rd. #10-59
Ike Lim,61431,61431@nopoly.sg,SOH,3.86,Blk. 355 Yishun Ave. #13-61
Helen Taylor,64127,64127@nopoly.sg,SEG,1.42,Blk. 310 Yishun Ave. #04-78
Madison Jones,62185,62185@nopoly.sg,SEG,3.24,Blk. 930 Sembawang Rd. #10-94
Greg Taylor,69705,69705@nopoly.sg,SEG,2.29,Blk. 882 Marsiling Rd. #08-36
Paul Perez,67214,67214@nopoly.sg,SIT,1.24,Blk. 547 Yishun Rd. #09-60
Theodore Tan,68126,68126@nopoly.sg,STA,1.56,Blk. 850 Admiralty Ave. #11-96
Paul Yang,68947,68947@nopoly.sg,SHL,3.77,Blk. 874 Woodlands Ave. #03-20
Theodore Abdul,64989,64989@nopoly.sg,SOH,3.98,Blk. 980 Admiralty St. #07-58
Nathan Tay,66764,66764@nopoly.sg,SEG,3.07,Blk. 289 Sembawang St. #03-86
Fatimah May,66580,66580@nopoly.sg,STA,1.56,Blk. 373 Woodlands Rd. #16-68
William Carpenter,63434,63434@nopoly.sg,SOH,1.34,Blk. 442 Marsiling Ave. #08-51
Mary Gonzales,62751,62751@nopoly.sg,SHL,1.23,Blk. 215 Admiralty Rd. #02-75
Valentino Perez,64187,64187@nopoly.sg,SHL,3.39,Blk. 222 Marsiling Ave. #06-65
Trent Yang,64160,64160@nopoly.sg,SOH,2.41,Blk. 248 Yishun St. #11-70
Nathan Tay,61279,61279@nopoly.sg,STA,3.73,Blk. 136 Yishun Rd. #10-53
Ray Lam,63908,63908@nopoly.sg,STA,3.30,Blk. 430 Woodlands St. #10-62
Helen Perez,66841,66841@nopoly.sg,SHL,2.27,Blk. 323 Woodlands Rd. #13-97
Jacob Akbar,68223,68223@nopoly.sg,STA,2.97,Blk. 176 Marsiling Ave. #07-30
Quentin Yang,68860,68860@nopoly.sg,STA,2.08,Blk. 834 Marsiling Ave. #04-38
Steven Carpenter,63433,63433@nopoly.sg,STA,1.34,Blk. 934 Woodlands Ave. #13-65
Paul Rios,62155,62155@nopoly.sg,SEG,2.22,Blk. 613 Woodlands St. #16-78
Steven May,64495,64495@nopoly.sg,SIT,3.07,Blk. 433 Woodlands Rd. #14-33
Nathan Tay,68174,68174@nopoly.sg,STA,2.05,Blk. 659 Sembawang Ave. #01-42
Eva Akbar,69663,69663@nopoly.sg,SIT,1.15,Blk. 870 Marsiling Rd. #10-35
Ivy Yang,63148,63148@nopoly.sg,STA,1.98,Blk. 407 Woodlands St. #11-40
Greg Neo,68392,68392@nopoly.sg,SIT,3.24,Blk. 168 Yishun St. #03-77
Zul Neo,64545,64545@nopoly.sg,STA,3.27,Blk. 734 Yishun Ave. #09-95
Quentin Lin,67648,67648@nopoly.sg,STA,3.32,Blk. 577 Marsiling Rd. #05-58
Evi Miller,69462,69462@nopoly.sg,STA,3.82,Blk. 535 Admiralty Rd. #03-18
Roy Gonzales,66564,66564@nopoly.sg,SHL,3.67,Blk. 428 Woodlands Rd. #15-80
Otis Lam,64476,64476@nopoly.sg,SOH,3.46,Blk. 273 Admiralty Ave. #04-30
Derek Tan,63011,63011@nopoly.sg,SEG,2.91,Blk. 998 Yishun St. #08-86
Bob Neo,66148,66148@nopoly.sg,SOH,3.79,Blk. 492 Sembawang Ave. #12-59
Anna Obama,65116,65116@nopoly.sg,SHL,2.42,Blk. 627 Sembawang Ave. #06-13
Quentin Carpenter,68079,68079@nopoly.sg,STA,1.33,Blk. 276 Sembawang Rd. #05-94
Nathan Smith,69511,69511@nopoly.sg,SEG,3.84,Blk. 411 Sembawang Ave. #12-71
Ronald Taylor,64145,64145@nopoly.sg,SEG,3.75,Blk. 222 Marsiling St. #11-84
Steven John,63023,63023@nopoly.sg,SIT,3.80,Blk. 146 Yishun St. #02-86
Greg Smith,66810,66810@nopoly.sg,SHL,3.51,Blk. 699 Admiralty Rd. #14-45
Ivy Taylor,62321,62321@nopoly.sg,SEG,2.49,Blk. 754 Admiralty St. #02-20
Ronald Perez,62834,62834@nopoly.sg,SOH,2.93,Blk. 365 Woodlands St. #12-44
George Suleiman,61706,61706@nopoly.sg,SIT,1.10,Blk. 877 Marsiling Rd. #15-82
Robert Perez,63996,63996@nopoly.sg,SIT,2.41,Blk. 473 Admiralty St. #02-19
Helen Obama,66375,66375@nopoly.sg,STA,3.40,Blk. 842 Woodlands Ave. #04-22
Trent Miller,66782,66782@nopoly.sg,SIT,3.56,Blk. 128 Marsiling Rd. #04-55
Robert Perez,69424,69424@nopoly.sg,SEG,2.16,Blk. 946 Yishun Ave. #11-34
Bob Tay,69720,69720@nopoly.sg,STA,1.94,Blk. 272 Marsiling St. #10-53
Ronald Lin,66948,66948@nopoly.sg,STA,2.97,Blk. 706 Woodlands Rd. #10-23
Greg Tay,62266,62266@nopoly.sg,SEG,1.62,Blk. 560 Marsiling Ave. #05-20
Eva Smith,65183,65183@nopoly.sg,SEG,2.05,Blk. 218 Sembawang Rd. #08-49
Madison John,64642,64642@nopoly.sg,STA,1.67,Blk. 899 Woodlands Rd. #06-14
Valentine Miller,68084,68084@nopoly.sg,SIT,1.63,Blk. 333 Sembawang Ave. #13-23
Salim Yang,61827,61827@nopoly.sg,SIT,3.26,Blk. 311 Marsiling Ave. #12-96
Trent Neo,67264,67264@nopoly.sg,SOH,1.96,Blk. 687 Woodlands Rd. #14-63
Evi Perez,65763,65763@nopoly.sg,SHL,3.27,Blk. 148 Marsiling Ave. #16-60
Stephen Gonzales,67667,67667@nopoly.sg,SEG,2.82,Blk. 123 Admiralty Rd. #05-40
Bob Perez,67660,67660@nopoly.sg,SIT,2.80,Blk. 732 Woodlands St. #04-61
Roy Obama,67460,67460@nopoly.sg,STA,1.08,Blk. 823 Yishun Rd. #14-49
John Yang,67998,67998@nopoly.sg,SEG,3.88,Blk. 662 Marsiling Ave. #06-18
George Yang,67218,67218@nopoly.sg,SOH,3.21,Blk. 196 Woodlands St. #01-26
Robert Lam,65736,65736@nopoly.sg,SOH,3.18,Blk. 557 Yishun St. #02-38
Theodore Miller,61788,61788@nopoly.sg,SEG,3.70,Blk. 245 Woodlands Ave. #02-93
Charles Smith,68044,68044@nopoly.sg,SHL,3.24,Blk. 784 Marsiling Rd. #10-82
Robert John,63411,63411@nopoly.sg,SHL,1.81,Blk. 425 Woodlands St. #04-80
Greg May,63172,63172@nopoly.sg,SHL,2.39,Blk. 719 Woodlands Rd. #09-85
Otis Carpenter,68729,68729@nopoly.sg,SOH,3.89,Blk. 933 Marsiling Ave. #12-69
Mary Zulkarnaen,67775,67775@nopoly.sg,SIT,1.95,Blk. 868 Admiralty Rd. #15-73
Stephen Lin,67470,67470@nopoly.sg,SEG,1.64,Blk. 567 Woodlands Rd. #15-94
Theodore Jones,66804,66804@nopoly.sg,SEG,2.51,Blk. 895 Marsiling Ave. #03-42
Quentin Yang,64639,64639@nopoly.sg,SHL,3.72,Blk. 522 Woodlands Ave. #06-69
Bob Gonzales,65889,65889@nopoly.sg,SEG,1.25,Blk. 389 Sembawang Ave. #09-31
Ronald Carpenter,61726,61726@nopoly.sg,STA,2.12,Blk. 391 Yishun Rd. #07-19
Quentin May,68683,68683@nopoly.sg,SOH,1.25,Blk. 436 Admiralty Rd. #14-81
Charles Neo,69612,69612@nopoly.sg,SOH,3.90,Blk. 114 Woodlands Ave. #07-84
Ivy Miller,67009,67009@nopoly.sg,SHL,3.90,Blk. 947 Admiralty St. #05-90
Ronald Miller,66768,66768@nopoly.sg,SEG,3.45,Blk. 974 Woodlands Rd. #14-32
Taufiq Akbar,62707,62707@nopoly.sg,STA,1.24,Blk. 335 Sembawang Ave. #07-25
Madison Smith,64457,64457@nopoly.sg,SIT,1.82,Blk. 173 Woodlands Ave. #05-19
Peter Tan,69824,69824@nopoly.sg,SOH,1.39,Blk. 965 Admiralty Ave. #06-35
William Tan,63412,63412@nopoly.sg,STA,2.23,Blk. 164 Yishun Rd. #04-26
Steven Lim,66980,66980@nopoly.sg,STA,3.15,Blk. 324 Marsiling St. #10-60
Steven Jones,67954,67954@nopoly.sg,STA,3.84,Blk. 931 Admiralty St. #13-38
Derek Lim,65077,65077@nopoly.sg,SIT,1.53,Blk. 469 Woodlands St. #12-74
Greg John,68475,68475@nopoly.sg,SIT,2.56,Blk. 518 Admiralty St. #08-61
Fatimah John,64508,64508@nopoly.sg,STA,1.93,Blk. 870 Yishun St. #04-35
Stephen Lin,69487,69487@nopoly.sg,STA,3.81,Blk. 694 Yishun Rd. #15-68
Nathan Tay,63344,63344@nopoly.sg,SOH,1.76,Blk. 483 Yishun Rd. #16-96
Anna Neo,62129,62129@nopoly.sg,SHL,1.99,Blk. 377 Sembawang Ave. #04-13
Otis Rios,69426,69426@nopoly.sg,STA,1.39,Blk. 495 Woodlands St. #03-89
Valentino Rios,61530,61530@nopoly.sg,SHL,1.39,Blk. 879 Woodlands St. #07-75
Roy Rios,64732,64732@nopoly.sg,SHL,2.93,Blk. 174 Admiralty St. #11-23
Stephen May,68156,68156@nopoly.sg,STA,2.91,Blk. 438 Yishun Rd. #09-39
Peter Rios,68917,68917@nopoly.sg,SIT,2.51,Blk. 305 Yishun Rd. #07-93
Ronald Zulkarnaen,62146,62146@nopoly.sg,SHL,2.27,Blk. 840 Admiralty Ave. #06-57
Otis John,65890,65890@nopoly.sg,SHL,1.68,Blk. 700 Sembawang Rd. #15-25
Mary Neo,64245,64245@nopoly.sg,SOH,1.59,Blk. 461 Marsiling St. #02-55
Ivy Lin,67857,67857@nopoly.sg,SHL,2.91,Blk. 417 Woodlands St. #09-43
John Perez,64646,64646@nopoly.sg,SHL,2.41,Blk. 803 Admiralty St. #13-70
Otis Lam,67920,67920@nopoly.sg,SOH,1.22,Blk. 790 Sembawang Rd. #08-73
Zul Yang,63932,63932@nopoly.sg,SEG,3.91,Blk. 582 Sembawang Rd. #08-22
Charles John,63574,63574@nopoly.sg,SEG,1.69,Blk. 849 Woodlands Rd. #06-66
Anna John,66934,66934@nopoly.sg,SEG,3.95,Blk. 408 Marsiling St. #15-44
Louis Jones,64716,64716@nopoly.sg,SIT,2.66,Blk. 827 Marsiling St. #14-59
Theodore Miller,69675,69675@nopoly.sg,SHL,2.98,Blk. 402 Woodlands St. #15-18
Ray Smith,62231,62231@nopoly.sg,SHL,2.28,Blk. 987 Admiralty St. #11-35
Ronald Lam,61369,61369@nopoly.sg,SEG,3.43,Blk. 886 Woodlands St. #15-41
Anna Neo,61804,61804@nopoly.sg,SEG,2.92,Blk. 253 Sembawang Ave. #04-13
Madison Neo,62506,62506@nopoly.sg,SEG,1.64,Blk. 673 Marsiling Rd. #12-82
William Gonzales,63910,63910@nopoly.sg,SIT,1.09,Blk. 860 Admiralty Ave. #03-98
Mary Iskandar,69734,69734@nopoly.sg,STA,2.82,Blk. 574 Yishun Ave. #09-55
Louis John,61805,61805@nopoly.sg,SHL,3.73,Blk. 933 Marsiling St. #16-75
Otis Lam,65407,65407@nopoly.sg,SHL,2.00,Blk. 319 Woodlands Ave. #02-92
Eva Smith,62880,62880@nopoly.sg,SEG,2.46,Blk. 369 Sembawang Ave. #07-30
Anna Lam,68505,68505@nopoly.sg,SOH,2.65,Blk. 801 Admiralty Rd. #01-27
